:020000040800F2
:100000000050002029510008454E0008474E0008C6
:10001000494E00084B4E00084D4E000800000000FD
:100020000000000000000000000000004F4E00082B
:10003000514E000800000000534E0008554E0008C5
:100040007151000871510008715100087151000888
:100050007151000871510008715100087151000878
:10006000715100087151000871510008594E000883
:100070007151000871510008654E0008714E00086A
:1000800071510008715100087D4E0008894E00082A
:10009000954E000871510008715100087151000817
:1000A000994E0008A54E0008A94E0008AD4E000864
:1000B000B14E0008BD4E0008C94E0008715100083D
:1000C00071510008D54E0008E14E0008715100083A
:1000D00071510008ED4E000871510008715100087F
:1000E00071510008715100087151000800000000B2
:1000F0000000000000000000000000000000000000
:0C01000000000000000000005FF808F1A3
:1001100010B5054C237833B9044B13B10448AFF341
:1001200000800123237010BD580200200000000051
:1001300038B9000808B5034B1BB103490348AFF3B6
:10014000008008BD000000005C02002038B90008F3
:10015000034613F8012B002AFBD1181A0138704707
:100160007BB972B90029BEBF00204FF0004106E004
:1001700008BF00281CBF6FF000414FF0FF3000F0B7
:10018000B9B9ADF1080C6DE904CE002909DB002BEB
:100190001ADB00F035F8DDF804E0DDE9022304B0F5
:1001A0007047404261EB4101002B1BDB00F028F857
:1001B000DDF804E0DDE9022304B0404261EB4101D7
:1001C000524263EB43037047524263EB430300F038
:1001D00017F8DDF804E0DDE9022304B0404261EBEA
:1001E00041017047524263EB430300F009F8DDF828
:1001F00004E0DDE9022304B0524263EB430370479D
:100200002DE9F047089D0F4604468E46002B48D145
:100210008A42164661D9B2FA82F24AB1C2F120038B
:1002200001FA02FE20FA03F3964043EA0E0E9440D0
:100230004FEA164CBEFBFCF1B7B20CFB11EE01FB12
:1002400007F0230C43EA0E43984209D9F31801F151
:10025000FF3E80F0ED80984240F2EA80023933445C
:100260001B1AB3FBFCF00CFB103300FB07F7A4B226
:1002700044EA0344A74209D9341900F1FF3380F05E
:10028000D980A74240F2D6803444023840EA014087
:100290000021E41B1DB10023D440C5E90043BDE8A3
:1002A000F0878B4206D90DB1C5E90001002108464F
:1002B000BDE8F087B3FA83F1002947D1BB4202D3EE
:1002C000824200F20481841A67EB03020120964601
:1002D000002DE4D0C5E9004EE1E7002A00F090804F
:1002E000B2FA82F2002A40F0A780881B0121370C65
:1002F0001FFA86FEB0FBF7FC07FB1C00230C43EA49
:1003000000430EFB0CF0984207D9F3180CF1FF38AC
:1003100002D2984200F2E080C4461B1AB3FBF7F009
:1003200007FB10330EFB00FEA4B244EA0344A645CB
:1003300007D9341900F1FF3302D2A64500F2C98073
:100340001846A4EB0E0440EA0C40A3E7C1F12006D6
:100350008B4022FA06FC4CEA030C27FA06FA4FEA15
:100360001C49BAFBF9F88F4020FA06F309FB18AADA
:100370001FFA8CFE3B4300FA01F708FB0EF01C0C41
:1003800044EA0A44A04202FA01F20BD91CEB04042D
:1003900008F1FF3A80F09980A04240F29680A8F1DF
:1003A00002086444241A98B2B4FBF9F309FB13441D
:1003B00003FB0EFE40EA0444A64508D91CEB0404E6
:1003C00003F1FF307FD2A6457DD9023B644443EA66
:1003D0000840A4EB0E04A0FB028E74454346F14690
:1003E00061D35ED055B1FA1A64EB090404FA06F63B
:1003F00022FA01F31E43CC40C5E9006400214EE718
:1004000043084FEA510C43EAC1710A0C42EA0C421C
:100410008BB2C407B2FBF6F143EA0243BCFBF6FC25
:10042000B646304637461F22181A41EA0C4161E7AA
:10043000714615E7184629E7C2F1200321FA03F0B7
:10044000964024FA03F397403B43370CB0FBF7F890
:1004500007FB18001FFA86FE190C41EA004108FB51
:100460000EF0884204FA02F43AD9711808F1FF3C00
:1004700001D288421ED8091AB1FBF7F808FB0EF02A
:1004800007FB18119BB243EA014383422FD2F318B2
:1004900008F1FF31C8D28342C6D2A8F10201334429
:1004A000C2E747459ED2B8EB02036EEB0C0E013853
:1004B000F14697E7301A0144A8F1020CB1FBF7F8B6
:1004C00008FB0EF0DCE7034681E7D0466AE7084602
:1004D000FEE63444023834E7ACF1020C33441CE746
:1004E000091AC446B1FBF7F808FB0EF0C8E741460D
:1004F0009AE700BF704700BF00220A4930B50B8859
:10050000094D013810F8014F14B902B10B8030BD0C
:100510005A1C92B2B2F5806FEC5414BF13460023FC
:100520000122EFE7860200208E020020074A10B564
:100530001188074C4B1C9BB2B3F5806F138008BF2A
:100540000023605408BF138010BD00BF8602002046
:100550008E02002038B500240D460E4B01461C705B
:100560000D4B3F220D481C700AF026FD0B4B1F223D
:1005700029460B4883F83F400AF01EFD3222084B03
:10058000DC77084B1A601422074B1A70074B1C705B
:1005900038BD00BF780B0020920A00201F0B0020FE
:1005A000FF0A0020740B0020790B00208402002039
:1005B000014B1878704700BF910A0020194B70B5A5
:1005C0005B6806460D4614463BB347F23053164966
:1005D0001648002A08BF1C460AF044FD0F22314687
:1005E00013480AF0E9FC0023114A1249D373284644
:1005F0000A220AF05FFC0A2220460F490AF05AFC40
:100600000E4B1B7863B10E4B187810F0020003D02C
:10061000102206200B4B1A7070BD4FF0FF30FBE725
:100620000120F9E77802002050B9000805000020F9
:10063000EF0A0020E90A0020D30A00201F0B002047
:10064000780B0020790B0020064B5B683BB1064B12
:100650001B7813F0400F0CBF0520072070474FF0A8
:10066000FF30704778020020780B0020074A10B551
:100670001188074C4B1C9BB2B3F5806F138008BFE9
:100680000023605408BF138010BD00BF8C020020FF
:100690008E0600202DE9FF471F463D4B04465B6850
:1006A00088461546BDF83090002B6CD0394EDFF8E7
:1006B000E8A033789AF8001003F040020A4365D0AE
:1006C0001B0758D40A2201A938460AF0F3FB01A8F7
:1006D000FFF73EFD421ED2B2032A4AD82F48FFF749
:1006E0000BFF9AF8003053B10A22694620460AF0FF
:1006F000E1FB6846FFF700FF2C20FFF717FF01A87A
:10070000FFF7FAFE2648FFF7F7FE002211462548BC
:10071000DFF894C0038894B2A74216D801B10380D1
:100720003378224C23F00C0343F00C03337023681E
:100730003BB11F489847236801A8984723681D4884
:100740009847092004B0BDE8F0875C1CA4B2B4F55A
:10075000806F08BF0024691C18F8055089B20CF896
:1007600003500132494514BF0D460025234601219F
:10077000D1E70B20E6E70D4B1B680BB90820E1E73A
:100780000D489847FAE74FF0FF30DBE70520D9E73F
:1007900078020020780B0020920A00203BC000085D
:1007A00054B90008860200208E020020600B002051
:1007B00057B9000866BB00086AB9000802460F4B2B
:1007C0000068516803C390680D4A186000231370D5
:1007D0000C4A13700C4A13800C4A13800C4A138085
:1007E0000C4A13800C4A13700C4A13700C4A137095
:1007F0000C4A13600C4A1360704700BF7802002057
:10080000790B0020900A0020880200208602002038
:100810008A0200208C020020780B0020920A00201F
:10082000910A0020640B0020600B0020114A13681D
:100830000BB1013B1360104A136823B1013B1360F5
:100840000BB90E4A13700E4A13680BB1013B1360CB
:100850000C4A13686BB1013B136053B90A490A781B
:10086000100706D563F3C302084B0A701A88084BB9
:100870001A807047740B0020700B0020900A002033
:100880006C0B0020680B0020780B002086020020F3
:10089000880200202DE9F84FA54AA64EB2F800B014
:1008A000338800255B4506D0A34F3A78143A022AD4
:1008B00027D8A6F800B0A14EA14C3368002B40F019
:1008C0006D8264239C4D33602B78162B00F2668278
:1008D000DFE813F04404AD02C602CC02DA02E00203
:1008E000E902EF0202030D033E03480352038303B0
:1008F0008C039D03AC03FE033B04410459029802A0
:10090000A70202228F49904C0A609B45D3D08F4AA0
:10091000D05C22780D2A00F23182DFE812F00E005E
:100920005500CC002F022F02A501BA01C301D0014E
:100930002F02EB0108021A02F90100230421984654
:10094000DFF80CC2834ADFF810928CF80030117087
:100950005FFA83FE59F82E10D1B9B8F1000F01D01B
:100960008CF800E00022774B75491A600B7813F081
:10097000010F00F092803E2840F08F8062F3000368
:100980000B70764B1A604FF49672754B1A6084E0C8
:1009900091F804A00133824513D1B8F1000F01D0C2
:1009A0008CF800E00B784978303B313903EB830356
:1009B00001EB43036B490B80012323700523137064
:1009C0006BE04FF00108C3E7DFF884C162499CF88F
:1009D000002051F822205F49097812F801E086458D
:1009E00014D1DFF880C1BCF80030013B9BB2ACF8F9
:1009F00000300BB10D284DD19378D278303B03EB0A
:100A00008303303A02EB4303237046E00022914611
:100A1000C1F57F4A8CF800200AF1D30ADFF838C10B
:100A20005FFA82F85CF828C0BCF1000F0CD1B9F174
:100A3000000F04D04B4A1580454A82F800800022FE
:100A4000013B2270338028E09CF800E09CF80150C4
:100A5000AEF1300E0EEB8E0E554405EB4E05ADB2E9
:100A60007F2D24D81CF801E0864520D13D4B1D8008
:100A7000B9F1000F02D0364B83F8008055B99CF8CD
:100A800002309CF80320303B03EB8303303A02EB47
:100A9000430323702F4B01311970338801339BB20C
:100AA000B3F5806F338004BF002333802DE74FF010
:100AB00001090132B2E70A28EFD100232370244B49
:100AC0001B78023B0F2BE8D801A252F823F000BF9D
:100AD000110B0008690B0008850B00089B0A000831
:100AE000AF0B0008AF0B0008DD0B0008E70B000898
:100AF000050C0008DD0B00089B0A00082F0C0008FD
:100B00009B0A0008390C0008450C0008450C000839
:100B10003A78082AC1D84FF4AA73D340DB07BCD572
:100B20000022064B1A60064A137843F0200346E77A
:100B30008C0200208A020020790B0020740B002018
:100B4000780B0020700B0020900A00208E060020F9
:100B50007502002074020020BCBE00086C0B00204F
:100B6000680B00208E0A0020944A1378180794D549
:100B700023F009031370924B1A88924B1A80924B00
:100B8000002203E73B780D2B87D100228F4B1A60A0
:100B90008A4A137823F0220343F0220313708C4B0C
:100BA0001B68002B3FF479AF0320984775E7834A11
:100BB000137823F0420313703B780E3B052B3FF66E
:100BC0006CAF834B1B680BB100209847814B1B789F
:100BD000002B7FF462AF16233B705EE7774A1378F1
:100BE00023F04003EBE6754A137823F008031370F3
:100BF0000022754B1A60764B1B68002B3FF44DAFFB
:100C00000A20D2E7734B1B78002B7FF446AF6F4A64
:100C100013606A4A137823F0600343F06003137093
:100C20006B4B1B68002B3FF438AF0720BDE7634ACE
:100C3000137823F04203C2E6604A137823F042039C
:100C40001370C8E75D4A1378190706D523F0090326
:100C500013705B4B1A885B4B1A803B78013B0D2B62
:100C60003FF61BAF594B8BE75B4A2C28126807D124
:100C700006232370002A3FF410AF584890470CE732
:100C80000021013B21703380002A3FF406AF544815
:100C9000F4E722287FF401AF072300222370514B91
:100CA0001A80FAE6222803D04E4A1388102B01D16D
:100CB0000823A9E6591C11804B4AD054EDE60A28B6
:100CC0007FF4EBAE0023474A23701188464A0F2970
:100CD0009BBF5354394913700A789FBF42F02002DA
:100CE0000A703A4A13603A4B1B68002B3FF4D5AEAA
:100CF00004205AE72C287FF4A2AE364B1B782BB188
:100D00000D2300222370394B1A70C6E60B23C4E76B
:100D10002C28FBD0A0F13002092A3FF690AE334ACE
:100D2000137803EB830300EB4303303B47E63A2899
:100D300001D10C2368E6A0F13002092A3FF67FAE0C
:100D4000284A138803EB830300EB4303303B1380F3
:100D5000A3E6274B9B6803B19847224A1388013BBF
:100D60009BB21380002B7FF498AE23701A4B1B6844
:100D7000002B3FF492AE1F4898478EE600231E4A90
:100D80002370136089E61A4B00201B689847124BAA
:100D90001B680BB11948984715232B702378DA0785
:100DA00040F1E581164A126832B9054A23F0090379
:100DB0001188044A23701180BDE8F88F780B002059
:100DC0008602002088020020680B0020740B00209F
:100DD000640B0020920A0020600B002082B90008FA
:100DE00097B900088E0A0020D90A0020910A002035
:100DF00078020020ABB90008700B0020BEB90008D3
:100E00006C0B0020914B01201B689847904B1B688E
:100E10000BB19048984716232B704FF4FA73336048
:100E2000BCE7012300222B708B4B1A70B6E78A4A6D
:100E300013782BB1013BDBB213701BB91423ACE761
:100E4000042313702378854823F020032370FFF7D1
:100E500053FB7F4B1B680BB18148984702239CE7EB
:100E600023789E0640F17581032396E77D48FFF7BE
:100E700043FB774B1B680BB17B489847237823F0E3
:100E800020032370042388E72378980640F16181CA
:100E9000052382E77548FFF72FFB237823F0200313
:100EA0002370062379E72378990640F152810723BE
:100EB00073E76F4B1B786BB16E48FFF71DFB644BFC
:100EC0001B680BB16C489847237823F020032370EC
:100ED000082362E76948F0E723789A0640F13981F0
:100EE000634B1B78002B0CBF0C23092355E7644888
:100EF000FFF702FB2220FFF719FB6248FFF7FCFA1D
:100F00002220FFF713FB2C20FFF710FB2220FFF716
:100F10000DFB5D48FFF7F0FA2220FFF707FB2C20BE
:100F2000FFF704FB5948FFF7E7FA2C20FFF7FEFA1A
:100F30005748FFF7E1FA0D20FFF7F8FA0A20FFF70C
:100F4000F5FA434B1B680BB1524898470A2324E734
:100F50005148FFF7D1FA3E4B1B680BB14F489847F9
:100F60000B231AE74E48FFF7C7FA394B1B680BB142
:100F70004C489847132310E74B4F3B78002B3FF426
:100F80000DAF4A48FFF7B8FA2220FFF7CFFA3846EC
:100F9000FFF7B2FA2220FFF7C9FA2C20FFF7C6FAB2
:100FA0002220FFF7C3FA4248FFF7A6FA2220FFF7F4
:100FB000BDFA0D20FFF7BAFA0A20FFF7B7FA244B63
:100FC0001B680BB13B489847237823F0200323701C
:100FD0000D232B7040F2DC5321E723789B0640F170
:100FE000B8800E2304222B701B4B1EE70022324BCD
:100FF00032481A70FFF780FA154B1B680BB1304866
:101000009847237823F0200323700F23C5E6237825
:101010009F0601D51023C0E60F4A1378013BDBB2CF
:101020001370002B00F095800E23B6E6254B1B783D
:10103000002B3FF4B3AE2448FFF75EFA044B1B6865
:101040000BB1224898471123A7E600BF7802002081
:10105000600B0020D4B900088402002085C000087D
:10106000EAB9000877C00008F8B900080CBA00080F
:10107000920A00201EBA00083ABA00082CBA0008EA
:101080002DC00008B30A0020930A002002000020AF
:10109000000000204EBA000819C0000861BA00081C
:1010A00005C0000875BA00081F0B00206DC00008BD
:1010B000FF0A00208CBA0008D90A002062C000088C
:1010C0009FBA0008EF0A002047C00008B0BA000825
:1010D0003C48FFF711FA2220FFF728FA3A48FFF7B9
:1010E0000BFA2220FFF722FA2C20FFF71FFA22200A
:1010F000FFF71CFA3548FFF7FFF92220FFF716FA31
:101100002C20FFF713FA3248FFF7F6F92C20FFF7EF
:101110000DFA3048FFF7F0F92C20FFF707FA3020DE
:10112000FFF704FA0D20FFF701FA0A20FFF7FEF996
:10113000294B1B680BB129489847237823F060039B
:10114000237012232B70C82369E623789E063FF58F
:1011500011AF012321E6224B1B780BB100235EE681
:1011600023789807F5D559067FF554AFF6E71D4D5E
:101170001D492A88098891423FF41EAE1B4E5F0725
:10118000B05C02D53E2808BF0A20194B5B6898471F
:1011900000283FF411AE22782B8851070AD5F15C64
:1011A0003E2907D1322122F0050242F001022270CD
:1011B000104A116001339BB2B3F5806F08BF002362
:1011C0002B80F9E555C0000805000020EF0A00203B
:1011D000E90A0020D30A0020600B0020C6BA0008EC
:1011E000920A002088020020860200208E02002041
:1011F000780200206C0B0020014B1860704700BF84
:10120000640B0020014B1860704700BF600B00208A
:101210000022F0B5084BD4B2A14202F1010200D87D
:10122000F0BD5D791E686F1C5F71045D74555C795B
:10123000DD792C405C71EEE74C120020021E18BFD5
:1012400001224FF40071014804F0DABD000C0140A6
:101250001FB514461A464FF0FF330091CDE9014304
:1012600001460123024805F06BF804B010BD00BF31
:10127000A4140020FFF7ECBF13B514461A46CDE9BD
:10128000001401230146024805F0EAF802B010BD3F
:10129000A414002013B514461A46CDE90014012306
:1012A0000146024805F0A2F902B010BDA4140020C6
:1012B00007B501228DF807000DF10701034807F07B
:1012C00092FFB0FA80F0400903B000BDB4120020D4
:1012D00010B50446FEF73CFF81B22046BDE8104041
:1012E00009F02EBC10B5164B1B78F3B115490C78DC
:1012F000FF2C15D07E2C144B13D818550020621CDF
:10130000D2B2012A0A7098540AD0134413F8022C5E
:101310000D2A05D113F8013C0A2B01D1FF230B70D4
:1013200010BD00220A701A70FAE7084B5A79196842
:10133000541C5C7188545A79D9790A405A71EFE784
:101340008B0D00208C0D00208D0D0020341200200C
:10135000032810B5184C15D10C21184B18481A78D1
:10136000184B01FB02330F22996809F025FE002378
:10137000134A2370D3730122134B1A700522134BA7
:101380001A7010BD124B22781B7813431843C0B259
:101390000028F6D1012340F6B8320C2123700D4B02
:1013A000BDE810401A80054B064A1B784B43D11804
:1013B0004968D058FFF7CEB8340C0020350C002017
:1013C000500000200CD60008360C002060000020E1
:1013D0008B0D00204C000020038830B58B421FD2BB
:1013E000C38B8B4219D9002330F8024BA14211D391
:1013F000028891420ED80B48121BC55A0230C35ABC
:10140000091B5B1B500801FB0300B0FBF2F02844F2
:1014100080B230BD02331E2BE6D14FF47A70F8E76C
:101420000020F6E76CD50008054B064A03F11001D1
:1014300053F8040B8B4242F8040BF9D1704700BFFC
:1014400074120020641200200122014B1A707047B0
:10145000AD1200200122014B1A707047AC1200201F
:101460000268264B10B59A42044612D1244A2549F7
:10147000137825480133DBB2282B01BF00231370FA
:10148000224A137808BF43F080031370082204F047
:1014900033F82368B3F1804F18D11D4A13782BB16C
:1014A0001378012B02D01378022B08D1012419499B
:1014B00019480B78C454234403F00F030B701749E9
:1014C0000B78013B13F0FF0301D00B7010BD142308
:1014D0000B701378032B02D01378042BF6D1012064
:1014E0000C4A0D491378C8540344002003F00F033D
:1014F000C854013303F00F031370E7E7002C0140D9
:10150000AE120020741200203C1500202E0E002088
:10151000B0120020841200208512002066000020F6
:10152000F0B5026883790C46D15C0546A1F1A003B1
:1015300091B0512B00F2D986DFE813F052005C0025
:101540006C00B80007013201AB01C8015301710101
:101550008E010A0250046D048A04A704C404E10445
:101560002902FE041B053805550573059105AF05D5
:10157000D706D706D706D706D706D706CD05440225
:101580006102EB0509062C064A0668068606A406D3
:10159000C206D706D706D706D706D706D706D70678
:1015A000D706D706D706D706D706D706D706D70653
:1015B000D706D706D706D706D706D706D706D70643
:1015C000D706D706D706D706D706D706D706D70633
:1015D000D706D706D706D706D706D7068602CC0386
:1015E000A0210222204603F0A6FC0D21204603F094
:1015F000EAFC08E0A1210D22204603F09CFC2046D5
:10160000C14903F0F3FC2046217A11B0BDE8F04057
:1016100003F0D9BC0D22A221204603F08CFCBB4B69
:10162000BB4DB3F9001020462980C9B203F0CBFCB2
:101630006978204603F0C7FCB64B2046B3F900108A
:101640002980C9B203F0BFFC6978204603F0BBFCD7
:10165000B14B2046B3F900102980C9B203F0B3FCA6
:101660006978204603F0AFFCAC4B2046B3F900107C
:101670002980C9B203F0A7FC6978204603F0A3FCD7
:10168000A74B2046B3F900102980C9B203F09BFC98
:101690006978204603F097FCA24BB3F9001029802B
:1016A0002046C9B203F08FFC69789FE79E4E112255
:1016B000A321204603F03FFC954D31882046298028
:1016C000C9B203F080FC6978204603F07CFC718885
:1016D00020462980C9B203F076FC6978204603F0E1
:1016E00072FCB18820462980C9B203F06CFC69788D
:1016F000204603F068FCF18820462980C9B203F037
:1017000062FC6978204603F05EFC3189204629801E
:10171000C9B203F058FC6978204603F054FC718983
:1017200020462980C9B203F04EFC6978204603F0B8
:101730004AFCB18920462980C9B203F044FC69788B
:10174000204603F040FCF189A9E70222A4212046AB
:1017500003F0F1FB0D21204603F035FC217A2046F1
:1017600003F031FC00220121284603F064FC684CA0
:10177000002201212070284603F05DFC6070B4F95E
:1017800000202388002A6949694AB5BF5B4213805B
:101790000B800023B6BF00230B80138011B0F0BD77
:1017A0000222A521204603F0C6FB0D21204603F0AE
:1017B0000AFC217A204603F006FC0022012128467B
:1017C00003F039FC524C002201212070284603F01E
:1017D00032FC6070B4F900202388002A5549564A2B
:1017E000D3E70222A821204603F0A5FB0D212046C5
:1017F00003F0E9FB217A204603F0E5FB00220121FA
:10180000284603F018FC424C002220700121284693
:1018100003F011FC60702288484B1A80BEE7022258
:10182000A921204603F087FB0D21204603F0CBFBC6
:10183000217A204603F0C7FB00220121284603F04D
:10184000FAFB334C002220700121284603F0F3FB01
:10185000607022883A4BE0E70222AA21204603F07A
:101860006AFB0D21204603F0AEFB217A204603F0EF
:10187000AAFB00220121284603F0DDFB244C0022B4
:1018800020700121284603F0D6FB607022882D4B82
:10189000C3E70222A621204603F04DFB0D2120467E
:1018A00003F091FB217A204603F08DFB00220121F9
:1018B000284603F0C0FB164C002220700121284668
:1018C00003F0B9FB607022881F4BA6E70222A72114
:1018D000204603F030FB0D21204603F074FB217AF3
:1018E000204603F070FB00220121284603F0A3FBF1
:1018F000074C002220700121284603F09CFB6070F9
:101900002288124B89E700BF48D60008AA1200209F
:10191000300E0020A8120020A6120020A4120020E1
:10192000A2120020A012002064120020280E002025
:10193000260E00202C0E00202A0E0020440000203D
:1019400042000020F40B00203C0000203E0000205C
:101950000222AB21204603F0EEFA0D21204603F0CF
:1019600032FB217A204603F02EFB0022012128467B
:1019700003F061FB304C002220700121284603F067
:101980005AFB6070B4F900202C4B1A6006E7022263
:10199000B221204603F0CFFA0D21204603F013FBBD
:1019A000217A204603F00FFB00220121284603F094
:1019B00042FB214C002220700121284603F03BFB12
:1019C0006070EBE60222C121204603F0B4FA0D213B
:1019D000204603F0F8FA217A204603F0F4FA0022B8
:1019E0000121284603F027FB134C0022207001211F
:1019F000284603F020FB60702288114B0DE702227D
:101A0000C221204603F097FA0D21204603F0DBFAAD
:101A1000217A204603F0D7FA00220121284603F05C
:101A20000AFB054C002220700121284603F003FB2D
:101A300060702288034BF0E6300E00203400002056
:101A4000640000206200002000254F22F021204683
:101A500003F071FAB94B03AF1B88ADF80C30B84BEB
:101A60001B88ADF80E30B74B1B88ADF81030B64B65
:101A70001B88ADF81230B54B1B88ADF8143037F920
:101A8000026B2046F1B203F09EFA01352046C6F300
:101A9000072103F098FA052DF1D1AD4D20462978A4
:101AA00003F091FA6978204603F08DFAA978204670
:101AB00003F089FAE9780025204603F084FAA54B63
:101AC000ADF830501B8809AFADF82430A24B1B880D
:101AD000ADF82630A14B1B88ADF82830A04B1B88F1
:101AE000ADF82A309F4B1B88ADF82C309E4B1B88DD
:101AF000ADF82E3037F9026B2046F1B203F063FAED
:101B000001352046C6F3072103F05DFA072DF1D118
:101B10000025964B06AF1B88ADF81830944B1B88F8
:101B2000ADF81A30934B1B88ADF81C30924B1B88D4
:101B3000ADF81E30914B1B88ADF82030904B1B88C0
:101B4000ADF8223037F8026B2046F1B203F03BFAD1
:101B500001352046310A03F036FA062DF2D1002570
:101B6000884B01AF1B88ADF80430874B1B88ADF85C
:101B70000630864B1B88ADF80830854B1B88ADF8C6
:101B80000A3037F8026B2046F1B203F01CFA013537
:101B90002046310A03F017FA042DF2D17D4B0021C3
:101BA000B3F90050204603F00EFA0021204603F05E
:101BB0000AFAE9B2204603F006FAC5F307212046E7
:101BC00003F001FA744B754AB3F90060B2F90050A2
:101BD0001978204603F0F7F9C6F30721204603F0F1
:101BE000F2F9E9B2204603F0EEF9C5F307216C4D96
:101BF000204603F0E8F92978204603F0E4F96978F3
:101C0000204603F0E0F9A978204603F0DCF9E978F2
:101C1000204603F0D8F9634B634AB3F90060B2F988
:101C200000501978204603F0CEF9C6F3072120466C
:101C300003F0C9F9E9B2204603F0C5F9C5F307215D
:101C40005A4D204603F0BFF92978204603F0BBF92E
:101C50006978574D204603F0B6F9A978204603F07D
:101C6000B2F969882046090A03F0ADF9A97920463E
:101C700003F0A9F9E9882046090A03F0A4F9A97A32
:101C8000204603F0A0F969894A4D090A204603F06D
:101C90009AF929882046C9B203F095F92988464D5A
:101CA000C1F30721204603F08EF929882046C9B2E6
:101CB00003F089F92988414DC1F30721204603F03B
:101CC00082F929882046C9B203F07DF92988C1F339
:101CD00007218BE400261D22F121204603F02BF979
:101CE000374B09AF1B680993364B1B680A93364B79
:101CF0001B680B93354B1B680C93354B1B680D937E
:101D0000344B1B680E93344B1B680F9357F8045BDE
:101D10002046E9B203F057F9C5F30721204603F046
:101D200052F9C5F30741204603F04DF9013620462C
:101D3000290E03F048F9072EE8D164E4440000209E
:101D4000F40B0020420000203C0000203E00002058
:101D5000340000202E0000202C000020F20B002078
:101D6000F00B002026000020320000201E00002082
:101D7000180000201A000020160000201C0000207F
:101D8000140000203A0000203800002064000020E9
:101D900062000020E20B0020E00B00203000002059
:101DA000180C002024000020220000202000002029
:101DB00064120020320C0020300C00202E0C002079
:101DC000080C0020FC0B0020000C0020F80B002069
:101DD000140C0020D00B0020480000200222AC216F
:101DE000204603F0A8F80D21204603F0ECF8217AF4
:101DF000204603F0E8F800220121284603F01BF9F1
:101E0000D44C002220700121284603F014F96070A0
:101E10002288D14B01E50222AD21204603F08BF848
:101E20000D21204603F0CFF8217A204603F0CBF8AD
:101E300000220121284603F0FEF8C64C0022207043
:101E40000121284603F0F7F860702288C34BE4E4D0
:101E50000222AE21204603F06EF80D21204603F049
:101E6000B2F8217A204603F0AEF80022012128467C
:101E700003F0E1F8B74C002220700121284603F05E
:101E8000DAF860702288B64BC7E40222AF21204600
:101E900003F051F80D21204603F095F8217A2046F1
:101EA00003F091F800220121284603F0C4F8A94C60
:101EB000002220700121284603F0BDF860702288BE
:101EC000A84BAAE40222B021204603F034F80D21E9
:101ED000204603F078F8217A204603F074F80022B7
:101EE0000121284603F0A7F89A4C00222070012116
:101EF000284603F0A0F8607022889B4B8DE40222F4
:101F0000B121204603F017F80D21204603F05BF8BD
:101F1000217A204603F057F800220121284603F0D9
:101F20008AF88C4C002220700121284603F083F8A7
:101F3000607022888D4B70E40222B321204602F0AB
:101F4000FAFF0D21204603F03EF8217A204603F0E7
:101F50003AF800220121284603F06DF87D4C00225A
:101F600020700121284603F066F860702288804BBB
:101F700053E40222B421204602F0DDFF0D21204669
:101F800003F021F8217A204603F01DF800220121F8
:101F9000284603F050F86F4C00222070012128469B
:101FA00003F049F860702288724B36E40222B521B2
:101FB000204602F0C0FF0D21204603F004F8217AEC
:101FC000204603F000F800220121284603F033F8F0
:101FD000604C002220700121284603F02CF860702C
:101FE0002288654B19E40222B621204602F0A3FFA5
:101FF0000D21204602F0E7FF217A204602F0E3FFA0
:1020000000220121284603F016F8524C00222070CD
:102010000121284603F00FF860702288574BFFF724
:10202000FCBB0222B721204602F085FF0D2120468D
:1020300002F0C9FF217A204602F0C5FF00220121EB
:10204000284602F0F8FF434C002220700121284668
:1020500002F0F1FF60702288494BFFF7DEBB0222DD
:10206000B821204602F067FF0D21204602F0ABFFA9
:10207000217A204602F0A7FF00220121284602F023
:10208000DAFF344C002220700121284602F0D3FFF1
:10209000607022883B4BFFF7C0BB0222B92120466B
:1020A00002F049FF0D21204602F08DFF217A2046E3
:1020B00002F089FF00220121284602F0BCFF254CD6
:1020C000002220700121284602F0B5FF60702288AE
:1020D0002D4BFFF7A2BB0222C021204602F02BFFAE
:1020E0000D21204602F06FFF217A204602F06BFF9F
:1020F00000220121284602F09EFF164C002220708B
:102100000121284602F097FF607022881F4BFFF7DD
:1021100084BB0222C321204602F00DFF0D21204680
:1021200002F051FF217A204602F04DFF00220121EA
:10213000284602F080FF074C00222070012128462B
:1021400002F079FF60702288114BFFF766BB022214
:10215000C4211EE4300E00202E0000202C000020A0
:10216000F20B0020F00B002026000020320000209F
:102170001E000020180000201A0000201600002079
:102180001C000020140000203A000020380000202D
:10219000E20B00200222C521204602F0CCFE0D21D8
:1021A000204602F010FF217A204602F00CFF0022A8
:1021B0000121284602F03FFF4F4C002220700121F0
:1021C000284602F038FF607022884C4BFFF725BB91
:1021D0000222C621204602F0AEFE0D21204602F06A
:1021E000F2FE217A204602F0EEFE0022012128466E
:1021F00002F021FF404C002220700121284602F00D
:102200001AFF607022883E4BFFF707BB0222C721EE
:10221000204602F090FE0D21204602F0D4FE217AE5
:10222000204602F0D0FE00220121284602F003FFE2
:10223000314C002220700121284602F0FCFE607023
:102240002288304BFFF7E9BA0222C821204602F06B
:1022500072FE0D21204602F0B6FE217A204602F0E1
:10226000B2FE00220121284602F0E5FE224C0022A7
:1022700020700121284602F0DEFE60702288224B89
:10228000FFF7CBBA0222C921204602F054FE0D21ED
:10229000204602F098FE217A204602F094FE0022A9
:1022A0000121284602F0C7FE134C002220700121B4
:1022B000284602F0C0FE60702288144BFFF7ADBACA
:1022C000134D04222B88CA21013320462B8002F0B3
:1022D00032FE0D21204602F076FE29882046090AAA
:1022E00002F071FE2978FFF781B90222204602F040
:1022F00022FEFF21FFF77AB9300E0020E00B00200C
:1023000030000020240000202200002020000020B7
:10231000B80B0020F0B516464379027905469A427B
:102320000C46C3B01DD002F093FED0B1012E04BF05
:102330000022154B2146284608BF1A70FFF7F0F817
:102340000022617A02A8D3B299420CD8C6B1FEF736
:102350002FF94FF4807300930022637A02A9FEF7ED
:1023600099F943B0F0BDA77925687B1CDBB2A37156
:10237000ED5D013200F8015BE5792B40A371E2E7E6
:1023800002A808F0DDFBECE76000002010B50D4B63
:102390000D4C1A780D4B0E4853F822100122237869
:1023A00002FA03F38B4308BF1A464FF4005103F0BF
:1023B00027FD23780133DBB2142B28BF00232370C1
:1023C00010BD00BFAF120020B60B00206C00002033
:1023D000001001402DE9F0418C4B8D4C1B788AB0E8
:1023E000032B5FFA83F840F02B810025012002F0D7
:1023F00033F94023202229461E20009502F07CFA62
:102400001623802214212846009502F075FA4023F5
:10241000522229465020009502F06EFA7D4E294640
:10242000282002F01DFA7C4902A808F01BFE96E85D
:102430000E00009502A802F0FDF92946552002F091
:102440000FFA764902A808F00DFE96E80E000095F6
:1024500002A802F0EFF91921282002F001FA704BCE
:102460002021B3F900306F4A02A808F067FD94E814
:102470000E00009502A802F0DDF91921552002F0A6
:10248000EFF9694B2021B3F90030664A02A808F041
:1024900055FD94E80E00009502A802F0CBF9252125
:1024A000282002F0DDF9614B2021B3F900305D4AAC
:1024B00002A808F043FD94E80E00009502A802F07F
:1024C000B9F92521552002F0CBF9594B2021B3F958
:1024D0000030544A02A808F031FD94E80E0000953F
:1024E00002A802F0A7F93121282002F0B9F9514BD6
:1024F0002021B3F900304B4A02A808F01FFD94E8F0
:102500000E00009502A81E2602F094F931215520F4
:1025100002F0A6F9484B2021B3F90030414A02A845
:1025200008F00CFD94E80E0040F6FA74434F009555
:1025300002A802F07FF93B8842467343B3FBF4F3F1
:10254000C3F13C033C214046DBB2009502F08EF91A
:102550007B8806227343B3FBF4F3C3F13C031046BC
:102560003C21DBB2009502F081F9BB88092273435C
:10257000B3FBF4F3C3F13C0310463C21DBB20095FE
:1025800002F074F9FB880C227343B3FBF4F3C3F13C
:102590003C0310463C21DBB2009502F067F93B8911
:1025A0000F227343B3FBF4F3C3F13C0310463C2109
:1025B000DBB2009502F05AF97B8912227343B3FB18
:1025C000F4F3C3F13C0310463C21DBB2009502F06A
:1025D0004DF9BB8915227343B3FBF4F3C3F13C03FC
:1025E00010463C21DBB2009502F040F91822FB892D
:1025F0003C217343B3FBF4F31046C3F13C03009555
:10260000DBB202F033F90AB0BDE8F081B01200206D
:1026100098C000088CC00008DCBA0008E0BA0008C6
:10262000AA120020E4BA0008A4120020A812002078
:10263000A2120020A6120020A01200206412002086
:10264000002002F009F802210125084602F008F9ED
:1026500094E80E004548009502F0ECF80221242091
:1026600002F0FEF8424B20211B68424A02A808F003
:1026700065FC94E80E00009502A802F0DBF8112139
:10268000022002F0EDF894E80E003B48009502F0BD
:10269000D1F81121242002F0E3F80522374B202144
:1026A0001B6802A803EB430393FBF2F3344A08F0E0
:1026B00045FC94E80E00009502A802F0BBF820212A
:1026C000022002F0CDF894E80E002E48009502F0AA
:1026D000B1F82021242002F0C3F864212A4E02A878
:1026E000326892FBF1F301FB1322002AB8BF524279
:1026F00020210092254A08F021FC94E80E00009564
:1027000002A802F097F82F21022002F0A9F894E81D
:102710000E001F48009502F08DF824202F2102F0B2
:102720009FF842F226323368009503F58C53133339
:10273000934298BF174894E80E0088BF164802F0ED
:1027400079F801240E237F2219460020009402F01C
:102750008DF81D237F2219460020009402F086F890
:102760002C237F221946002000944AE7E7BA00088C
:102770009C120020ECBA0008F5BA0008981200205C
:10278000FABA000804BB0008140C002009BB0008BA
:1027900013BB000818BB000822BB000837B53F4B2D
:1027A0003F4C1A782AB11A78012A02D01B78022BE2
:1027B00016D12378013B012B12D800232370394A0C
:1027C000394B11781B788B4208D038484B1C415C40
:1027D00003F00F0391B103212170137003B030BDDA
:1027E0002378032B57D801A252F823F0BF27000803
:1027F000012800080B280008252800080121EBE724
:10280000FFF7E8FD02232370E8E7294804F0E2FE21
:102810002028E3D101F046FF0028DFD00023254A1D
:102820001370F0E7224804F0D8FE234D10B14FF4A6
:102830007A732B601E4804F0CDFE202816D101F0DB
:1028400051FE98B11D4B1E4A01931E4B1E49009329
:102850001E481F4B01F08EFE00231E4A1E491370B6
:102860000A7842F008020A702B60CCE72B6801332B
:10287000B3F5FA7F2B60B1D90D4803F047FD012075
:1028800002F0C0FC0A4803F099FC01F0F5FD01F0EC
:102890001BFE0023E8E70023B5E700BFB0120020CD
:1028A000B50B0020B40B00208412002085120020FC
:1028B000A4140020AD120020B00B0020A0120020B4
:1028C000A6120020A2120020A8120020AA120020A6
:1028D000A4120020AC1200202E0E0020074B084A44
:1028E0001B6812885A63074A1288DA63064A1288FC
:1028F0009A63064A12881A64704700BF4413002086
:102900002C0E0020280E00202A0E0020260E00206B
:1029100013B50B4B044600934FF4AA71094B0A4AB6
:102920000A4808F00BFB4FF4AA73002200932046DC
:1029300040F243130549FDF7ADFE02B010BD00BFE4
:102940006DBB000828BB000868BB0008370C0020DE
:1029500013B50A4B044600934FF4AA71084B094A79
:10296000094808F0EBFA4FF4AA73002200932046BE
:10297000B3230549FDF78EFE02B010BD72BC0008FE
:1029800028BB000868BB0008370C00202DE9F8437D
:1029900000241F460C7014701C7047F23A53089DB7
:1029A00089462B8032490646904608F018FB58B1FC
:1029B000043010F8013FE2B213F0DF0F01D0262BF4
:1029C00036D1002309F8023030462A4908F007FBC7
:1029D00060B10023043010F8012FD9B212F0DF0FDC
:1029E00001D0262A2ED1002308F801303046224992
:1029F00008F0F5FA58B10023C21C12F8011FD8B232
:102A000011F0DF0F01D0262926D100233B54304698
:102A10001A4908F0E4FA48B10023053010F8012FF4
:102A2000303AD1B209291DD903B12B80BDE8F88312
:102A30002B2B08BF202309F8043001343F2CB8D1D8
:102A40002246BEE72B2A08BF202208F803200133C4
:102A50003F2BC0D11946C6E7F95401330F2BCCD117
:102A60001846D2E703EB830302EB430293B2D5E7A8
:102A7000E7BC0008EDBC0008F3BC0008F8BC000887
:102A80002DE9F043344BA9B01E785EB100221A70D4
:102A900047F23152314B3248198829B0BDE8F04332
:102AA000FDF78CBDDFF8BC9099F80030002B42D0C8
:102AB0002D4F3B78FF2B3ED1FDF77AFD2B4C804606
:102AC0002B49204608F08BFA0546002836D04022D4
:102AD000314608A808F068FA4022314618A808F0E4
:102AE00063FA102231460DEB020008F05DFA0DF199
:102AF0000E030093204604AB18AA08A9FFF746FF6F
:102B00009DF8103033B1164B0F22184604A908F077
:102B100053FAC673BDF80E300BB1104A138040460D
:102B2000FFF716FF002318A908A889F800303B70AA
:102B30002370FDF70FFD29B0BDE8F08320460D4955
:102B400008F04DFA28B14046FFF7E2FE3D702570CF
:102B5000F1E738702070EEE7360C00204E000020C0
:102B6000500000208B0D00208C0D00208D0D0020CA
:102B7000FFBC000809BD000840F2012303800023C8
:102B800083708380C380704702780346032A1DD870
:102B9000DFE802F00F021407427842B903221A70EC
:102BA00005E0417801220029F9D1017082700020EE
:102BB00070474278012AFAD10222F0E740780022D9
:102BC0000128ECD118709A70D87170470122E6E79D
:102BD00070B504464FF400411D4803F00BF9A67888
:102BE0001C4A1D491D4DAEB188B113780133DBB2CB
:102BF000072B137003D90123637000231370002384
:102C00000B702B78EBB1A3880A33A38070BD607082
:102C10001070F4E70B781670042B0FD9003818BF2A
:102C200001200E70607000232B70A3796BB1A38814
:102C3000002BEBD0092B08D90A3BE6E701330B70D8
:102C4000F1E7A38001232B70DDE70023DDE700BF60
:102C5000000C0140AC0B0020AB0B0020AA0B0020A5
:102C600037B53E4D2B78DB0934D02B7823F0800329
:102C70002B70FDF7DBFD3A48FFF7AAFF394890F8C3
:102C80004230222B09D0036837491A685B68202339
:102C9000012280F8423006F086FC344B1B7823B1C9
:102CA00033490A88C2B1013A0A80324A1378013B9B
:102CB00013F0FF0303BF022313702B78137004BFBC
:102CC00043F040032B702C4B1C78013C14F0FF04A4
:102CD00017D01C7003B030BD284803780133DBB235
:102CE000042B94BF1A461346027040F6B8320A808D
:102CF0000C214B43224AD1184968D058FDF72AFCD1
:102D0000D3E70A221A702B7843F020032B70FFF7C9
:102D10003DFB1C4A13780133DBB2092B01D8137039
:102D2000D8E71470184C2378042B9CBF0133237010
:102D3000164B1D78002DCDD1FDF786FC0728C9D193
:102D40002378042BC6D94FF480732A460093284673
:102D500009230F49FDF79EFCBCE700BF2E0E0020A3
:102D60000E0E0020B4120020240E0020340C00208F
:102D70004C0000206700002068000020350C002077
:102D80000CD60008250E0020600000208B0D0020CE
:102D90000B000020F8B583780446002B4CD18388C3
:102DA000002B49D18379002B46D0C579EDB140F68F
:102DB000B732A388934258D8A3F5FA62B2F57A7F66
:102DC00057D2374804F006FC202838D100250426C5
:102DD000E571344B1E7001F0A7FC012001F0C0FD2D
:102DE000314BA5711E70A58029E02D4804F0F2FB3F
:102DF000202824D1284601F02FFC01F039FC94F85A
:102E000006C02A492A4ABCF1020FB1F90030B2F9D2
:102E10000000244F244E24D0BCF1030F10D0BCF18D
:102E2000010F1ED13570234E3D703380224B0D8033
:102E3000188015800023A371E379002BB7D1F8BD6A
:102E40004FF0020C87F800C01C4F86F800C03D70A0
:102E50000343EFD1174B1B880B80174B1B88138044
:102E6000E8E701253D703570F2E70023E371A380A8
:102E7000E5E7A3F57A73B3F57A7F08D2084804F042
:102E8000A9FB2028DBD100250326E571A1E700235B
:102E9000E371A3790133A3714FF4C873E7E700BF6F
:102EA000A4140020B0120020AF1200202E00002039
:102EB0002C0000202A00002028000020C40B002045
:102EC000F8B51D4640F2F3139A42CCBF002401240A
:102ED0009942D8BF01347B4F9842D8BF01343B7828
:102EE0008446032B00F2EB80DFE813F004001100AE
:102EF0006E00E500B1F5FA7F02DA01233B7009E0CC
:102F0000714B724AB3F900305B42136002E0032C4C
:102F100001D13C70F8BD6E4E6E4914BB3388086811
:102F200001339BB2052B33800FD90028B4BF012297
:102F30004FF0FF32684B34801C80684B1C70684B2C
:102F40001C60684B1A700223D8E7674B1860674B08
:102F50001A685E4B1A60664B0860B3F900302B604C
:102F6000D8E7002333804FF47A7303FB02F0614A01
:102F700002FB0C00604A126890FBF2F00A2290FB00
:102F8000F2F0594A80EAE07410605C4AA4EBE07405
:102F900014605B4AB2F900204243624392FBF3F2B1
:102FA000584B4A4CB3F9003000FB0322564B2260C9
:102FB000B3F900309A4202DD1A46236002E05B4218
:102FC0009A42F9DB494BC5E7B1F5FA7F95DB41F24F
:102FD00088304E4B4E4A1B88B2F900101BB2C91AFA
:102FE0004C4A002381FB0001FDF7BAF83C4B3B49FA
:102FF0001A680C7810446FF0630218602A60334A34
:10300000032C56D8DFE804F0021A283F354C94F917
:103010000040002C404CC8BF4FF4AF74146047F21E
:103020002F520028B8BF404290427FF773AF002272
:103030001A60294B1A8001230B706BE70024264885
:1030400014600288013292B2632A02807FF662AF76
:103050001C6004800223EFE7224C94F90040002C0E
:103060002D4CD8BF4FF4AF7414604EF65F22002889
:10307000B8BF404290427FF74DAF00221A60164B16
:103080001A800323D8E7174C94F90040002C224CF7
:10309000C8BF4FF4AF7400281460204AB8BF404244
:1030A00090427FF737AF00221A600B4B1A8004233F
:1030B000C2E7002329E7032C7FF41FAF2AE7002390
:1030C0001CE700BFC80B002026000020D00B00200A
:1030D000A80B0020CC0B0020C60B0020C50B002045
:1030E000A40B00200A000020D80B0020A00B002019
:1030F0003200002018FCFFFFDC0B0020D40B002066
:103100002C0000202E00002020000020BA0B002000
:10311000A0120020B8FF0100A2FEFFFF3F7E0500C5
:1031200038B50C46054601880948FEF755F9208058
:1031300069880848FEF750F96080A9880648FEF7BC
:103140004BF9A080E9880548FEF746F9E08038BDD4
:10315000ECD50008CCD50008ACD500088CD500080B
:1031600037B5354B354C19782278914261D02278A9
:103170001A7023782BB12378012B02D02378022BED
:1031800057D12F4804F026FA2028FAD1012001F067
:10319000E7FB002001F060FA2378D3B90125294C20
:1031A0001421162001F05CFB94E80E0026480095DF
:1031B00001F040FB2221242001F052FB94E80E0094
:1031C0002248009501F036FB03B0BDE8304001F025
:1031D0004FBA2378012BDDB213D11A4C14211620DB
:1031E00001F03EFB94E80E001948009501F022FB27
:1031F0002221042001F034FB94E80E0015480095CC
:10320000E0E72378022BDFD101250E4C1421162094
:1032100001F026FB94E80E000F48009501F00AFB30
:103220002221242001F01CFB94E80E000B4800959D
:10323000C8E703B030BD00BF09000020B012002075
:10324000A414002098C000080FBD00081CBD000891
:1032500025BD000832BD000844BD000851BD00086E
:1032600010B594B0142200210CA807F09DFE142282
:1032700000210DEB020007F097FE1022002101A8AB
:1032800007F092FE02244FF480330122CDE911436E
:10329000CDE90A234FF4E0130AA80E92139305F028
:1032A00017F808B172B6FEE70F23CDE905344FF4E5
:1032B00080630790CDE90830214605A805F0CAF9DA
:1032C00008B172B6FEE7122301934FF40043CDE933
:1032D000033001A805F07AFA08B172B6FEE714B01F
:1032E00010BD00000268084B10B59A420AD1074C85
:1032F0002078FDF7BBF92146BDE8104001220448C3
:1033000006F051B910BD00BF00380140240E002066
:10331000B41200200368074A934209D11A685B6817
:103320002023012280F842300349044806F03BB9CB
:10333000704700BF00380140240E0020B412002066
:103340008D4A2DE9F04F15688C4ADFF834A21468D5
:103350008C4A85B0B2F900B08B4ADAF80030B2F985
:10336000002003900292894AB2F9007043EA0502F4
:10337000224300F0B2805A210A224B4302FB0B3059
:10338000642390FBF3F04D434C430190029802FB01
:10339000074402FB005594FBF3F495FBF3F5019B06
:1033A0007B4ACAF80030744BB2F900801D60734B41
:1033B0001C60784B1B68002B00F09480434403EBA7
:1033C000D3735B1000934FF48F704FF06409714B0F
:1033D000009A1A60704A116800FB01F292FBF9F63C
:1033E00081FB01024FEAE17C00FB0CFC01FB02CCFB
:1033F0005DA3D3E90023A0FB01016144FCF7B0FE0B
:10340000311A664E33889BB2952B6ED833889BB2A7
:10341000272B31D8624B4FF48F70C3F80080614B7B
:103420005549B3F90020604B029C1A605F4B604A1B
:103430001F60232303FB08F3136093FBF9F3564A41
:103440000C60136000FB03F483FB0302DD174543AC
:103450004A4903FB02550F60A0FB030142A3D3E9D5
:103460000023CAF800B02944FCF77AFE94FBF9F473
:10347000484B211AC3F8008033889BB2312B0AD9FC
:10348000444A4C4B10681A68401A10444A4A186063
:1034900013683B441360338801339BB23380338815
:1034A0009BB2962B0DD16422424B44491B6893FB7F
:1034B000F2F30B80404B1B6893FBF2F3404A1BB2C4
:1034C000138000233F4A13603F4A13602B4B1A6856
:1034D000364B1A6005B0BDE8F08F3C46029DCDF832
:1034E00004B05CE7CDF800806DE7304B00981A68B7
:1034F0001C60324BA21AB3F900306443C31A5B1A42
:10350000019905FB0544694330482F4DB4FBF0F4A5
:1035100091FBF0F11B1B0B44062192FBF1F21344CB
:10352000284A03981360136840F6262203F21351C9
:10353000914298BF00230399DA17A3FB013100FBE6
:103540000211D81841EB0106C01841EB060108A38F
:10355000D3E90023FCF704FE62232C685C4394FB50
:10356000F9F404442C60B5E7420A1B040000000093
:10357000404B4C0000000000900B00208C0B002002
:10358000940B0020A4120020A2120020A012002000
:10359000AA120020880B0020140C00209612002094
:1035A000100C0020A61200200C0C0020840B002020
:1035B000180C0020800B00207C0B0020CA0B002080
:1035C000BA0B0020981200209C12002028512200E3
:1035D0002DE9F047BC4A88B013781B0740F1D4832B
:1035E0001378BA4C23F0080313700522B84BE18816
:1035F0001A6063886289ADF810300B44ADF814206E
:1036000013440322B3FBF2F3ADF8121004A806A989
:10361000ADF81630FFF784FDBDF91850AD4BBDF87D
:1036200018001D80BDF91A50AB4BBDF81A101D8053
:10363000BDF91C50A94BBDF81C201D804318134434
:10364000012BB8BF0123A64DDFF898C22B60B4F957
:103650000050A54BA54F1D80B4F90430B4F90850B3
:10366000ACF80030A24BA34E1D80B4F90C30A24D33
:10367000B4F90E403B80A14BD6F800E0D5F80080AD
:103680001C809F4B9F4C5EEA0809B3F90030B4F9E7
:1036900000400FD04FF05F0903EB830309FB0E33AB
:1036A0004FF0640E04EB840409FB084493FBFEF323
:1036B00094FBFEF42C6004F57A64B4F5FA5F88BFDD
:1036C0002324336088BF63436FF031048E4E8F4DE7
:1036D00088BF33608E4BB3F900306343832493FB80
:1036E000F4F38C4C23602C681C4433681426734319
:1036F0004FF4757606FB0433874CA34200F37681C2
:10370000864CA342C0F274814FF47A7493FBF4F3B5
:1037100064242B6093FBF4F3DFF80482814EC8F835
:103720000030814B814D1B680393002333602B785D
:10373000012BDCB200F05E81022C00F05F812B785F
:103740001BB12B78012B40F02482D8F80020002AEE
:10375000D4BF00220122764B76491A702B78764F1F
:10376000012B40F05982754803780133DBB2072BF7
:1037700000F211820370039BB7F900000344039326
:10378000C824D8F800C003986D4BDFF8B8E1A0EB6F
:103790000C001860DEF800306B4FA3EB0C035C43A9
:1037A00000F19509694BB9F5957F1C603B6800F203
:1037B0003A8200EB80094B44DFF894914B45B8BF47
:1037C0004B4649F640494B45A8BF4B46DFF884912C
:1037D0003B60B9F90090CEF800C003FB09F34FF449
:1037E0007A7993FBF9F3DFF87091B9F9009000FB57
:1037F0000933DFF86891B9F9009004FB093942F206
:10380000107499FBF4F4564B0C6056490860188804
:10381000554BB3F800C02B78022B40F00A82534B73
:1038200093F800E0BEF1020F05D093F800E0BEF17E
:10383000040F40F0FE811B78022B40F0FD814FF019
:10384000010E4FF4966C4FF4AF702B78022B40F0C2
:103850002982464B93F800A0BAF1020F03D01B78DF
:10386000042B40F01F820EFB00434148D6F8009025
:10387000B0F90000034403EB09063E480EFB1C436D
:10388000B0F900001B1AA3EB090422B13A4C002343
:1038900026463B600B6041F28830FFF751FD42F253
:1038A0002832D8F8003003F58C531433934204D9EE
:1038B00000242646314B3C601C60314B314A1B884A
:1038C00012889BB260E000BF2E0E00206412002020
:1038D00048000020320C0020300C00202E0C00206C
:1038E000DC0B00202A0C00202C0C0020260C0020D1
:1038F000280C0020100C00200C0C0020240C0020B0
:10390000AA120020A6120020200C0020180C002073
:10391000A21200201C0C0020E7ECA43519135BCA8E
:10392000140C0020D00B002034000020B012002026
:103930009D0B0020F80B0020E40B00209C0B0020C6
:10394000080C0020980B0020FC0B0020000C00202D
:10395000C063FFFFF40B0020440000204200002061
:103960003E000020040C00203C000020C40B00207E
:10397000F20B0020F00B002048F4FFFF9C12002007
:103980009612002040000020952B00F2E5810024D3
:1039900023463C6051428B42B8BF0B46A242A8BFAF
:1039A00022462C788A42B8BF0A46A748A7492CB1BC
:1039B0002C78012C02D02C78022C0DD12C78012CE3
:1039C00040F0CF81A24C2478022C40F0CA81A14C57
:1039D0002478042C40F0C58100229F4B3A601A6085
:1039E00013465B42038000230B80C0E19B4B8FE6B4
:1039F0009B4B8DE603ABFFF763FAA0E6994C237867
:103A000003F0FF0973B903ABFFF75AFA3B881BB207
:103A1000B3F5E17F7FF793AE934BC3F8009001239A
:103A200023708CE62378013B052B00F2B08001A7C0
:103A300057F823F04D3A0008793A0008C73A0008D1
:103A40001D3B00083F370008693B0008864B1A6899
:103A500005321A601A681B68F92A9CBF40F2DC52D2
:103A60000392B3F5FA6FFFF46AAE00227F4B1A603F
:103A70007F4B03930223D3E741F288307C4B7D4A8E
:103A800003937D4BB2F900101B887C4A1BB2C91A04
:103A900081FB00010023FCF763FB744F784AD7F8E1
:103AA0000090484438603B68002B3B68B8BF5B42DD
:103AB000934205DD00236C4A3B6013600323AFE7AC
:103AC000FA2333603BE66F4BBCF80020B3F90030BB
:103AD00012B20393C2F5FA73B3F5FB7F19DA13F54B
:103AE000FB7F18DD03EBD3735B1033605E4B19680B
:103AF000053119601968B1F5487FFFF420AE952AA9
:103B00003FF71DAE0022594932600A601A60052352
:103B100086E7FA23E9E76FF0F903E6E741F2883038
:103B2000534B544A0393544BB2F900101B88534A29
:103B30001BB2C91A81FB00010023FCF711FB4B4F9C
:103B40004F4AD7F80090484438603B68002B3B68E8
:103B5000B8BF5B42934204DD0022434B1A60062348
:103B60005EE76FF0F903ACE7464BB0F5FA7FB3F9C7
:103B70000030039308DBB1F5FA7F05DBB2F5FA7F7D
:103B800002DB6FF0C7039CE70122314B1A70002360
:103B900046E70022DFE500233B4C037020683B4BE7
:103BA0000190B3F900300868C3F1640E43430198F3
:103BB000DFF8DCC000FB0E33642093FBF0F33148E8
:103BC0002360B0F90040E41A324B18682044604585
:103BD000B8BF60464CF2503C6045A8BF60461860D4
:103BE0002D4BB3F90030434342F2107093FBF0F3D6
:103BF0002A48B0F9000060434FF47A7490FBF4F067
:103C0000034427488342B8BF034640F2DC50834256
:103C1000A8BF03463B80AEE500231B483B80036002
:103C20001C480360ACE54FF00A09DB0093FBF9F395
:103C3000CCE54FF0010E08E64FF0FF3E40F28A2C33
:103C40004FF4966001E600BF280E0020260E0020EB
:103C5000C80B0020C50B00209C120020A0BB0D004B
:103C60006044F2FFC40B0020BC0B0020C00B0020FE
:103C700018FCFFFFA0120020BA0B0020B8FF0100C3
:103C80008F5F010032000020EC0B0020300000208C
:103C9000B03CFFFFE80B0020E00B0020E20B00200F
:103CA00024FAFFFF3A4B1B78022B2FD0ABB142F224
:103CB0000F7399453FDC374B99454ADA231A36484A
:103CC000A4EB0C04B0F900001B1A3448B0F9000052
:103CD000241A30681E18241AD7E5314B31481B8846
:103CE000B0F800C030682618002EA4EB000412DDE6
:103CF0009819294BB3F90030C618002C12DD27485B
:103D00000CEB0403B0F900401C44BEE540F2023362
:103D100040F2EE2CE6E71FBFF01A1F4BB3F900305C
:103D2000C61AEAE73FF4B1AD1C48A4EB0C03B0F9A6
:103D300000401C1BA9E503191748A444B0F9000072
:103D40003468034415481E1BB0F9000084446444E1
:103D50009BE50024264698E596423346A8BF1346C5
:103D600018E6002B7FF73DAE0B800023038093B253
:103D7000002A0D490D4AD5BF5B4213800B800023FA
:103D8000D6BF00230B80138008B0BDE8F08700BFCA
:103D9000C80B0020F1D8FFFFF20B0020F00B002031
:103DA0003A000020380000202C0E00202A0E0020AF
:103DB00080B5A74D9AB001F001FAFFF751FA102231
:103DC000002113A807F0F0F8AB69002243F01003BC
:103DD000AB61AB694FF4005103F010030493049BF3
:103DE000AB699C4843F02003AB61AB69002403F04E
:103DF00020030593059BAB69012743F00403AB61E6
:103E0000AB69022603F004030693069BAB6943F0FB
:103E10000803AB61AB6903F008030793079B01F04C
:103E2000EFFF00224FF400718B4801F0E9FF4FF4DF
:103E30000053884813A9CDE91337CDE9154601F0A1
:103E400097FE4FF40043844813A9CDE91334159429
:103E500001F08EFE4FF400737F4813A9CDE91337AC
:103E6000CDE9154601F084FE6B6922463B436B6148
:103E70006B6921463B400B200393039B01F080FCC0
:103E80000B2001F0ADFC224621460E2001F078FC0B
:103E90000E2001F0A5FC224621460F2001F070FC07
:103EA0000F2001F09DFC6D4A6D4B082513604FF407
:103EB000807393604FF460231046CDE9134415944A
:103EC00014731475D3615460156101F0C7FB08B118
:103ED00072B6FEE70624CDE9130713A95F481594CF
:103EE00001F050FA08B172B6FEE75C4813A9CDE9BB
:103EF000137601F047FA08B172B6FEE7139603266F
:103F0000564813A9149601F03DFA08B172B6FEE7BF
:103F100013960426514813A9149601F033FA08B1F8
:103F200072B6FEE7139605264C4813A9149601F0C5
:103F300029FA08B172B6FEE7484813A9CDE913641F
:103F400001F020FA08B172B6FEE713940724434843
:103F500013A9149401F016FA08B172B6FEE73F48AF
:103F600013A9CDE9134501F00DFA044608B172B664
:103F7000FEE70EAE01461022304607F015F8142277
:103F8000214613A807F010F847233648DFF8D8C0B9
:103F90000AAFC0E900C3F9230A947C60C0E9033486
:103FA000C0E90544846004F0F5FD08B172B6FEE78F
:103FB0004FF4805831462B48CDF8388004F0D0FEBD
:103FC00008B172B6FEE7CDE9130013A9254804F045
:103FD000BEFF08B172B6FEE7CDE90A0039462148B6
:103FE00005F03AF8054608B172B6FEE70146102220
:103FF000304606F0D9FF1422294613A806F0D4FF54
:104000004FF047094FF08043184C0A95C4E9003936
:1040100041F2873320467D60C4E90335A560A56180
:1040200004F0B8FD08B172B6FEE731462046CDF87F
:10403000388004F095FE08B172B6FEE7CDE91300B2
:1040400013A9204604F083FF90B172B6FEE700BFCB
:104050000010024000100140000C01403C150020FF
:1040600000240140D4130020002C01408C130020B8
:10407000CDE90A003946204604F0EEFF044608B1B7
:1040800072B6FEE701461022384606F08DFF142274
:104090002146304606F088FF1C22214613A85B4DBE
:1040A0000894099406F080FF594B2846C5E9003969
:1040B00042F20F730DF1200AC5E90334AC60AC6124
:1040C00004F068FD08B172B6FEE739462846CDF81F
:1040D000288004F045FE08B172B6FEE7284604F0D9
:1040E00085FD08B172B6FEE7002331464748CDE9A9
:1040F0000E3304F02CFF08B172B6FEE7CDE90800DC
:104100005146424804F0A8FF024608B172B6FEE7E5
:1041100060231590CDE91330179013A93B4804F0A4
:10412000BDFD08B172B6FEE70422384813A904F0B9
:10413000B5FD08B172B6FEE70822344813A904F0B1
:10414000ADFD08B172B6FEE70C22304813A904F0A9
:10415000A5FD044608B172B6FEE72C4800F0FCFD50
:104160004FF4E1332B482C4DC0E90244C0E9005321
:104170000C230461C0E90534C46105F005F8044668
:1041800008B172B6FEE706F067FC24482449254BC7
:10419000C0E90244C0E900134FF48043C0E906447B
:1041A000C0E90434046202F009F8044608B172B6AA
:1041B000FEE71022014613A806F0F6FE47231A4D2B
:1041C0001A4A0E94C5E9002342F20F732846746020
:1041D000C5E90334AC60AC6104F0DCFC08B172B634
:1041E000FEE74FF48053284613A9139304F0B8FD5B
:1041F00008B172B6FEE7002331460B48CDE90E3315
:1042000004F02AFF044698B172B6FEE7441300207A
:1042100000040040B412002000380140A414002023
:1042200000580040801A0600FC12002000080040E0
:10423000524806F09BFC524804F0B6FB514804F08B
:10424000B3FB514804F0B0FB21464F4804F002FF95
:1042500004214D4804F0FEFE08214B4804F0FAFE0C
:104260000C21494804F0F6FE4FF400510122474862
:1042700001F0C6FD464800F0E9F9464800F0E0F9D3
:10428000454800F0D7F900F077FB204600F068FBC6
:10429000424800F0C7F8424800F0CAF8414800F030
:1042A000CDF800F0E9F8404A404B10461360404B0F
:1042B0005360404B9360FCF781FA3F48FCF7A2FF44
:1042C0003E48FCF799FF01223D493E4805F06BF955
:1042D00040F6B8323C4B3D491C703D4B3D481C708C
:1042E0003D4B1A8001223D4B1A70FCF733F93C4BD1
:1042F0003C4A3D493D4800F00AFF3D4B3D4A3E489F
:104300003E4900F004FF3E4B3E4A1C703E4B3F4886
:104310001C803F4B1C803F4B1C803F4B1C80FEF79A
:104320002BFCD2F8FC3043F08073C2F8FC303B4BDE
:104330005C601A6842F001021A600190FEF790FC7E
:10434000FCF7A8FAFEF79CFB002227492748FDF757
:10435000E1FF012229492848FDF7DCFFFEF7BEFAFC
:10436000FEF71CFAFFF734F90198FEF70DFC0198EF
:10437000FEF710FDFEF7F4FEE0E700BF11120008A3
:10438000D41300208C13002044130020001001409F
:10439000AD1200205112000879120008AC12002062
:1043A0007512000895120008180E00203D12000832
:1043B000B1120008E5120008D112000851130008DC
:1043C000240E0020B41200208B0D00205ABD0008DE
:1043D000350C002069BD00084C000020340C002082
:1043E0003411002034100020581200204C120020FC
:1043F000340F0020340E0020341200204012002020
:104400002E0E002000ED00E02C0E00200E0E0020ED
:10441000280E00202A0E0020260E0020001000E0AA
:1044200072B6FEE7014B1860704700BF9C15002074
:10443000014B1860704700BF98150020014B1860B1
:10444000704700BF94150020044A10B414680B464E
:10445000A44601460122D02010BC604798150020D8
:104460001346044A10B41468CAB2A446014610BCEC
:10447000D02060479415002013B500240DF10700EB
:104480006B218DF80740FFF7DFFF04230DF10700D4
:1044900019218DF80730FFF7D7FF02230DF1070030
:1044A0001A218DF80730FFF7CFFF0DF107001C210F
:1044B0008DF80740FFF7C8FF1B210DF10700FFF73C
:1044C000C3FF02B010BD00000122044B1A70044B60
:1044D0001B680BB100221A70704700BF80000020DB
:1044E0009C15002008B51A4B19681A4B08781A78E1
:1044F00018B9012A23D0002008BD0020012A087025
:104500001DD0022AF7D101201870134B13491A88C5
:10451000D2BA0A605A881249D2BA0A609A881149F6
:10452000D2BA0A601A891049D2BA0A605A890F4968
:10453000D2BA9B890A600E4ADBBA1360DCE702221A
:104540000E211A7004483B22FFF78AFFD3E700BF11
:104550009C150020800000206C1500209015002084
:104560008C1500208815002084150020801500205F
:104570007C15002070B5DDE9045410B10B4E36688F
:10458000068011B10A480068088012B1094909681B
:10459000118013B1084A12681A8015B1074B1B68C5
:1045A0002B8014B1064B1B68238070BD9015002032
:1045B0008C1500208815002084150020801500200F
:1045C0007C15002013B5064B8DF807001C680122EE
:1045D000002378200DF10701A04702B010BD00BFF5
:1045E000AC19002013B5064B8DF807001C6801229A
:1045F000002378200DF10701A04702B010BD00BFD5
:10460000A8190020044B10B41C68CAB2A446014685
:104610004023782010BC6047AC190020044B10B434
:104620001C68CAB2A44601464023782010BC6047EB
:10463000A8190020014B1860704700BFA81900207E
:10464000014B1860704700BFAC190020014B186087
:10465000704700BFB019002000284FF4806214BFDB
:10466000FF210021014806F09FBC00BFA6150020D5
:1046700038B5B0240A4D2046FFF7A4FF0020FFF70D
:10468000A1FF01341020FFF79DFFE4B228468021EE
:10469000FFF7B8FFB82C05F18005ECD138BD00BF9D
:1046A000A615002038B51C4B1C4C1A6823781178CD
:1046B00019B9012B0AD0002038BD0021013B11702F
:1046C000032BF8D8DFE803F0020B1015144B187811
:1046D0005038C0B2FFF786FF02232370EBE70020BB
:1046E000FFF780FF0323F8E71020FFF77BFF042389
:1046F000F3E70B4D0B4B2878802103EBC010FFF73D
:104700008DFF01202B7820700133DBB2072B2B703B
:10471000D1D900232B70CFE7B019002081000020F1
:10472000A6190020A61500200022054B1A700122B0
:10473000044B1A70044B1B6803B11A70704700BF1A
:10474000A619002081000020B0190020030630B512
:1047500010D43F290ED80124CB08074D00EBC3101D
:104760002B5C01F0070104FA01F1A2420CBF0B43DC
:104770008B432B5430BD00BFA61500202DE9F04F10
:10478000044689B008A800E90E009DF84830A4F15D
:1047900020050293EBB25E2B47D8079B23B323443B
:1047A00013F8206C224AB2F8009009EB0603802B24
:1047B0003BDC53889DF815B0019303EB0B02402AB4
:1047C00033DC029B4FF00008B3FA83FA0BFB05F5CC
:1047D0004FEA5A1A6D00C34509D8154B4E441E8046
:1047E000204609B0BDE8F08F9DF81460DAE7002795
:1047F000069A535B0493019B08EB0302D3B2039325
:10480000BE4203D808F101080235E4E7049B07EB38
:10481000090003FA07F2130454BF5246029A03999F
:10482000C0B2FFF793FF0137EAE70024D8E700BFE3
:10483000A015002070B586B003AC84E80E009DF88A
:104840002860451E15F8010F40B1009694E80E004F
:10485000FFF794FF034628788342F3D006B070BD7B
:10486000014B188059807047A01500202DE9F74FA3
:104870009046A8EB0009A3EB010AB9F1000F1E4610
:10488000B8BFC9F10009BAF1000FB8BFCAF1000AF8
:10489000804594BF4FF0FF33012305460C468E42FE
:1048A00094BF4FF0FF3B4FF0010B404631469DF85F
:1048B00030200093A9EB0A07FFF748FFCAF1000375
:1048C000454504D1B44202D103B0BDE8F08F214682
:1048D00028460193FFF73AFF019B7900B3EB470F9E
:1048E000BFBF0098A7EB0A072D18EDB28945C2BFDC
:1048F0005C444F44E4B2E3E72DE9F0411446A042A2
:10490000804628BFA046A042064638BF26469942A8
:104910000C4628BF1C46994238BF19460F469DF8E1
:104920001820BC4201D83F2C01D9BDE8F081454692
:1049300007E02B0607D428462146FFF707FF01357D
:10494000EDB2B542F5D90134E4B2EAE710B5044658
:104950008120FFF737FE2046BDE81040FFF732BE4A
:10496000034628B10123AF20024A5371FFF72ABE44
:10497000AE20F9E7A015002008B5642000F042FC45
:104980000020FFF7EDFF2020FFF71CFE0020FFF7BF
:1049900019FEB020FFF716FEC820FFF713FE002017
:1049A000FFF710FE1020FFF70DFE4020FFF70AFE74
:1049B000FF20FFF7CBFFA120FFF704FEA620FFF7A3
:1049C00001FEA820FFF7FEFD3F20FFF7FBFDA4201E
:1049D000FFF7F8FDD320FFF7F5FD0020FFF7F2FD0C
:1049E000D520FFF7EFFDF020FFF7ECFDD920FFF712
:1049F000E9FD2220FFF7E6FDDA20FFF7E3FD1220B4
:104A0000FFF7E0FDDB20FFF7DDFD2020FFF7DAFDFB
:104A10008D20FFF7D7FD1420FFF7D4FD0120FFF70D
:104A20009FFF0020FFF718FEFFF722FE0022034B36
:104A30001A805A8001221A7108BD00BFA0150020FB
:104A40000E4B82B09A6942F001029A619A6902F0B3
:104A500001020092009ADA6942F08052DA61DB6961
:104A6000074A03F080530193019B536823F0E063EE
:104A700043F08063536002B0704700BF00100240F3
:104A80000000014030B5054687B01022002102A881
:104A900006F08AFA2A68204B9A423BD103F56C4310
:104AA0009A691E4842F400729A619A6902A902F456
:104AB00000720092009A9A69194C42F004029A61BD
:104AC0009B69FF2203F004030193019B0323CDE9BB
:104AD000022301F04DF880204FF480720023C4E9D6
:104AE00003024FF480620F492046C4E90013C4E971
:104AF0000523A360E36100F0A7FE08B1FFF790FC77
:104B0000002212202C621146656200F039FE12204C
:104B100000F066FE07B030BD0024014000080140EF
:104B2000F81400200800024030B5054687B0102276
:104B3000002102A806F038FA2A682E4B9A4256D174
:104B40002D4C4FF44061A3692C4843F00803A36146
:104B5000A36903F008030093009B1223CDE902131D
:104B6000032302A9059301F003F8E369802243F4CB
:104B70008003E361E369224803F480030193019B0E
:104B80000023204CC4E900032046C4E90323C4E900
:104B90000533A360E36100F057FE08B1FFF740FC66
:104BA0001023194AAC636562184CC4E90023002342
:104BB00080222046C4E90232C4E90433C4E9063342
:104BC00000F042FE08B1FFF72BFC00222120114625
:104BD0006C63656200F0D4FD212000F001FE00222C
:104BE0002220114600F0CCFD222000F0F9FD07B094
:104BF00030BD00BF0058004000100240000C0140D2
:104C00005800024060140020440002401C140020A0
:104C10000268114B10B59A4204461CD10F4A4FF45A
:104C20008061D3690E4823F48003D36101F074F8E6
:104C30004FF400610A4801F06FF8A06B00F034FEF9
:104C4000606B00F031FE212000F0D8FDBDE810407F
:104C5000222000F0D3BD10BD0058004000100240DB
:104C6000000C01401FB50368374A93422CD1374BE3
:104C700018209A6942F400629A6100229B691146E9
:104C800003F400630093009B00F07AFD182000F00D
:104C9000A7FD00221920114600F072FD192000F036
:104CA0009FFD00221A20114600F06AFD1A2000F034
:104CB00097FD00221B20114600F062FD1B2005B06D
:104CC0005DF804EB00F08CBDB3F1804F11D103F51A
:104CD0000433DA691C2042F00102DA610022DB6948
:104CE000114603F001030193019B00F049FD1C20D4
:104CF000E5E7174A934210D1144B1D20DA6942F0C0
:104D00000202DA610022DB69114603F0020302931A
:104D1000029B00F035FD1D20D1E70E4A934210D1D1
:104D20000A4B1E20DA6942F00402DA610022DB69D4
:104D3000114603F004030393039B00F021FD1E20A2
:104D4000BDE705B000BD00BF002C014000100240CF
:104D5000000400400008004010B5044686B0102250
:104D6000002102A806F020F92268114B9A421CD1BA
:104D700003F503339A690F4842F008029A619B6970
:104D8000332203F008030193019B022302A9CDE91A
:104D90000223059300F0ECFE074A536823F44063B6
:104DA00043F0E06343F40063536006B010BD00BFFE
:104DB00000040040000C01400000014010B5044612
:104DC00086B01022002102A806F0EEF822681B4BE4
:104DD0009A4230D103F558439A69194842F4804207
:104DE0009A619A6902A902F480420092009A9A6933
:104DF000002442F004029A619B694FF4007203F0B0
:104E000004030193019B0223CDE9022303230593AD
:104E100000F0AEFE4FF48063094802A9CDE90234E8
:104E2000049400F0A5FE25202246214600F0A8FCAF
:104E3000252000F0D5FC06B010BD00BF00380140B1
:104E400000080140FEE7FEE7FEE7FEE7FEE77047E9
:104E50007047704700F0C4B9014800F0F1BD00BFD1
:104E6000F8140020014800F0EBBD00BF1C14002026
:104E7000014800F0E5BD00BF60140020014800F0CB
:104E800001BA00BF3C150020014802F037BC00BF4A
:104E9000A8280020FFF7F8BF014803F0B4BD00BF09
:104EA000D4130020FFF7F8BFFFF7F6BFFFF7F4BFFA
:104EB000014803F0A8BD00BF8C130020014803F097
:104EC000A2BD00BF44130020014803F09CBD00BFF9
:104ED000FC120020014801F083BE00BFA414002092
:104EE000014802F0D7BA00BFA4140020014804F022
:104EF000F7B900BFB41200200A4A0346106810B583
:104F000008B9094810600949094C0344091B8B4240
:104F100006D906F07BF80C2303604FF0FF3010BD7C
:104F20001360FCE7B4190020C82C002000500020BA
:104F30000004000070470346002030B5187258790D
:104F40001C68451C5D715525987125545879DC798C
:104F500001322040451C5D714E251C68D2B225549B
:104F60005879DC792040451C5D7145251C68255425
:104F70005879DC792040451C5D7152251C68255408
:104F80005879DC7920401C68451C5D7122545879A1
:104F9000DC794A402040451C5D713A251C68255447
:104FA0005879DC7920401C68451C5D712154587982
:104FB000DC792040587107205872187A504080F0F0
:104FC0003600187230BD034610B5427A0132427283
:104FD0005A790068541C5C7181545A79D87902401E
:104FE0005A711A7A81EA0200187210BD002337B58F
:104FF0008DF807309DF80730CB5C13B9007A03B009
:1050000030BD437A9DF8074001334372437902680B
:105010005D1C45710C5DD4544379C27913409DF8F1
:1050200007204371531CDBB28DF807308B5C027A8A
:1050300053400372DEE7034610B5C479807901441A
:10504000214018689971405C11440C409C7110BD5E
:10505000F0B50024052645790379AB4201D1002043
:10506000F0BD827A072A50D8DFE802F0040F1C2234
:10507000282D4F3E0268D25C552A01D1012282724E
:10508000C279013313400371E6E70268D25C4E2A0D
:1050900001D10222F3E7552AF2D000228272013BAD
:1050A000DBB2EDE70268D25C452A1BD10322E6E7BA
:1050B0000268D25C522A15D10422E0E70268D25C71
:1050C00086724272DCE70268D25C3A2A0AD1072172
:1050D000C2798172591C0A408271427A82F036028A
:1050E0000272CDE78472DAE7427A0768013AD2B2F7
:1050F000017A42721AB1FA5C51400172C0E78272C1
:10510000FA5C8A42BCD10120AAE78472B8E710B5E4
:1051100002604FF07F440022446002818272C1E944
:1051200000340A818A7210BDFFF704FF0B480C4956
:105130000C4A002302E0D458C4500433C4188C42F3
:10514000F9D3094A094C002301E013600432A2425A
:10515000FBD305F061FFFEF72BFE70470000002037
:105160005802002090D6000858020020C82C0020C9
:10517000FEE7000038B50E4B05461A784FF47A73F7
:10518000B3FBF2F30B4A1068B0FBF3F000F048FBFE
:10519000044658B90F2D09D8024629464FF0FF3072
:1051A00000F0EEFA2046044B1D6038BD0120FCE7FC
:1051B00088000020840000208C000020074A08B5E9
:1051C0001368032043F01003136000F0C7FA0F20A8
:1051D000FFF7D0FFFFF734FC002008BD002002409D
:1051E000034A044B11681B780B441360704700BFDF
:1051F000B819002088000020014B1868704700BFD4
:10520000B819002038B50446FFF7F6FF0546631CC1
:105210001EBF044B1B78E418FFF7EEFF431BA342AD
:10522000FAD338BD88000020436A10B59A6A12F09C
:10523000500F1BD19A6A42F400729A621A689268FF
:1052400002F46022B2F5602F0CD11A7B52B99A6A2F
:1052500022F480729A629A6AD2045EBF9A6A42F01D
:1052600001029A621846FCF7DFF810BD1B6ABDE820
:1052700010401B6B1847704708B5406AFFF7FBFFEB
:1052800008BD7047036870B51D685E680446B006C7
:1052900026D5A90724D5A26AD2065EBFA26A42F427
:1052A0000072A2629A6802F46022B2F5602F10D1F7
:1052B000227B72B95A6822F020025A60A36A23F452
:1052C0008073A362A36AD8045EBFA36A43F001039C
:1052D000A3622046FCF7A8F86FF0120223681A6058
:1052E000310630D56A072ED5A36ADB065EBFA36AF6
:1052F00043F40053A36223689A6802F4E042B2F5D3
:10530000E04F0AD05A68500516D49A6802F4602219
:10531000B2F5602F10D1227B72B95A6822F0800258
:105320005A60A36A23F48053A362A36AD9055EBFBF
:10533000A36A43F00103A362204600F00DFA6FF068
:105340000C0223681A6072060CD5EB070AD5A36A13
:10535000204643F48033A362FFF793FF6FF001020E
:1053600023681A6070BD7047406A08B5836A43F0CD
:1053700040038362C36A43F00403C362FFF7F3FF91
:1053800008BD0000002373B5019390F82430044653
:10539000012B6CD0012380F824304D680268062D63
:1053A000086805EB850322D81F26556B053B9E40F8
:1053B00025EA060500FA03F32B43536309288B689B
:1053C00000EB40054FF0070129D9D6681E3DA940E2
:1053D00026EA0101AB400B43D360A0F11003012B7F
:1053E00025D90020002384F8243002B070BD0C2D94
:1053F0004FF01F0509D8166B233B9D4026EA050593
:1054000000FA03F32B431363D8E7D66A413B9D4070
:1054100026EA050500FA03F32B43D362CEE71069B1
:10542000A94020EA0101AB400B431361D9E7114BBE
:105430009A4216D193681B02D3D49368102843F480
:1054400000039360CDD10C4B0C4A1B68B3FBF2F305
:105450000A2253430193019B002BC2D0019B013BC5
:10546000F8E7A36A012043F02003A362BAE7022011
:10547000BBE700BF002401408400002040420F0031
:10548000002337B50193036804469A68D20702D512
:10549000002003B030BD9A6842F001029A60144BBC
:1054A000144A1B68B3FBF2F30193019BE3B9FFF7C6
:1054B000A3FE054623689B68DB07E9D4FFF79CFE43
:1054C000401B0228F6D923689B6813F00103F1D131
:1054D000A26A012042F01002A262E26A84F824303B
:1054E00042F00102E262D4E7019B013BDCE700BF2E
:1054F0008400002040420F002DE9F0413F4B9046D0
:10550000026804469A420F4602D03D498A4203D1BE
:105510005B6813F4702F6DD194F82430012B6BD09D
:105520000123204684F82430FFF7AAFF064600280E
:105530005DD1A56A2168324B25F4706525F001051F
:1055400045F480759942A56204D12C4A536813F43E
:10555000702F3ED1A36A23F48013A3624B685A05CF
:1055600005D5A36A23F4405343F48053A362A36A8E
:10557000206A13F4805318BFE36A3A4618BF23F039
:105580000603E362002384F824301E4B4C3183620F
:105590001D4BC3621D4B03636FF0020341F84C3C8B
:1055A00051F8443C43F4807341F8443C434600F0D6
:1055B000A5F923689A6802F46022B2F5602F9A6810
:1055C0000CBF42F4A00242F480129A603046BDE85B
:1055D000F081A36A43F48013A36253685B0541BF63
:1055E000A06A20F4405040F48050A062BFE700233E
:1055F00084F824300126E9E70226E7E70024014089
:105600000028014029520008795200086953000817
:1056100038B5036804469A68D10701D4002038BD24
:105620009A6822F001029A60FFF7E6FD05462368BA
:105630009B68DB07F2D5FFF7DFFD401B0228F6D998
:1056400023689B68DA07F2D5A36A012043F01003B0
:10565000A362E36A43F00103E362E0E7F8B50446BE
:1056600000286DD0836A23B9C36280F82430FFF725
:1056700009FA2046FFF7CCFFA36A13F0100361D1AB
:1056800000285FD1A26A616822F4885222F00202E7
:1056900042F00202E569A668A262227B2943B6F5C0
:1056A000807F41EA420136D0771E7D427D412D0246
:1056B000277D012F06D182BBA269013A45EA423219
:1056C00042F400652268B6F5807F576827F4694781
:1056D00045EA0705556097681D4D05EA070545EA47
:1056E0000105956001D0012E02D12369013B1B0504
:1056F000D56A25F470052B43D3629268154B13408D
:10570000994213D10023E362A36A23F0030343F019
:105710000103A362F8BD3546CAE7A26A42F020023F
:10572000A262E26A42F00102E262CBE7A36A23F0DE
:10573000120343F01003A362E36A43F00103E36240
:105740000120E7E7A36A43F01003A362F8E700BF74
:10575000FDF7E1FFFE0E1FFF70470000074903023F
:10576000CA6803F4E06322F4E0621204120C1343EB
:1057700043F0BF6343F40033CB60704700ED00E0BB
:10578000154B30B5DC68C4F30224C4F10703251DB2
:10579000042B28BF0423062D4FF0FF3594BF0024AF
:1057A000033C05FA03F321EA0303A54022EA0502BC
:1057B000A340002843EA0203ACBF00F16040074A5F
:1057C0004FEA0313DBB2ABBF00F5614000F00F00FE
:1057D00080F80033135430BD00ED00E014ED00E01C
:1057E000002807DB01234109034A00F01F00834022
:1057F00042F82130704700BF00E100E000280CDBD8
:1058000001220649430900F01F008240203341F87D
:105810002320BFF34F8FBFF36F8F704700E100E08D
:105820000138B0F1807F0BD24FF0E023F021054A20
:10583000586182F823100020072298611A6170478E
:105840000120704700ED00E0034610B530B3016859
:105850001420134A0A44B2FBF0F292001A64114A6F
:10586000DA63022283F82120D3E901242243DC6891
:10587000086822431C696FF30D1022435C692243C0
:105880009C692243DC69224302430A600020012212
:10589000986383F8200083F8212010BD0120FCE7E5
:1058A000F8FFFDBF0000024010B508B30168114ABF
:1058B0000B680A4423F001030B6000230B604B606C
:1058C0008B60CB601421B2FBF1F201210A4C9200F3
:1058D000026401FA02F2C46362608363C0E90A33BE
:1058E000C0E90C3380F8213080F82030184610BD14
:1058F0000120FCE7F8FFFDBF00000240F0B590F882
:105900002040012C34D0012480F8204090F8214020
:10591000012CE5B24FF0000428D1022680F8216066
:1059200084630468266826F001062660D0E90F67C4
:10593000BD40756063604368102BC36A0BBFA260F3
:10594000A160E160E2604BB1236843F00E030020E8
:105950002360236843F001032360F0BD236823F034
:1059600004032360236843F00A03F0E780F8204033
:105970000220F2E790F821200346022A06D00422F2
:1059800082630120002283F8202070470268C06BE8
:10599000116821F00E011160116821F00101116000
:1059A00001211A6C01FA02F24260002083F82110F2
:1059B000E8E7000008B590F82130022B03D004235B
:1059C0008363012008BD03681A6822F00E021A6082
:1059D0001A6822F001021A60174A93421FD014324B
:1059E00093421ED0143293421DD0143293421DD0E4
:1059F000143293421DD01432934214BF4FF080737F
:105A00004FF480130D4A5360012380F821300023A6
:105A100080F82030436B03B198470020D2E7012380
:105A2000F0E71023EEE74FF48073EBE74FF4805379
:105A3000E8E74FF48033E5E7080002400000024049
:105A400070B40425C66B026C346803689540254227
:105A5000196832D04D0730D51A6896065EBF1A68AD
:105A600022F004021A603E4A934219D01432934243
:105A700018D01432934217D01432934217D01432F4
:105A8000934217D01432934214BF4FF080634FF407
:105A90008003344A5360C36A002B5ED070BC184741
:105AA0000423F6E74023F4E74FF48063F1E74FF473
:105AB0008043EEE74FF48023EBE702259540254233
:105AC00035D08D0733D51A68940606D41A6822F0AB
:105AD0000A021A60012280F82120214A934219D03B
:105AE0001432934218D01432934217D01432934296
:105AF00017D01432934217D01432934214BF4FF090
:105B000000734FF40013174A5360002380F82030CD
:105B1000836AC1E70223F6E72023F4E74FF400731A
:105B2000F1E74FF40053EEE74FF40033EBE70825BD
:105B30009540254211D009070FD5196821F00E01B3
:105B40001960012303FA02F27260836380F8213046
:105B5000002380F82030036B9EE770BC704700BFC5
:105B6000080002400000024090F821007047000049
:105B70002DE9F74F00244FF00F0E2646DFF884C1C1
:105B8000614B00F104080A6832FA06F502D103B04D
:105B9000BDE8F08F012505FA06F702EA070537EAA6
:105BA000020276D14A68032A07D8013A022A00F293
:105BB0008380DFE802F091969C00122A00F0948026
:105BC00069D8112A00F08A80FF2D94BF8146C14612
:105BD0004FEA8602D9F8007088BF203A0EFA02FA1E
:105BE00027EA0A0704FA02F21743C9F80070D1F84D
:105BF000049019F0805F4CD0DCF8182026F00307E1
:105C000042F00102CCF81820DCF8182007F1804798
:105C100002F00102019207F5803706F0030A019AAB
:105C20004FEA8A0ABA680EFA0AFB22EA0B0B374AD5
:105C3000904260D002F5806290425ED002F58062B0
:105C400090425CD002F58062904214BF042203228D
:105C500002FA0AF242EA0B02BA609A6819F4801F4B
:105C600014BF2A43AA439A60DA6819F4001F14BFCC
:105C70002A43AA43DA605A6819F4003F14BF2A4342
:105C8000AA435A601A6819F4803F14BF2A43AA43F2
:105C90001A60013677E7DFF878904A450CD014D8BF
:105CA000A9F580194A4507D009F570294A4503D05E
:105CB000A9F580194A4587D18A68D2B1012A4FF0E7
:105CC00008040CBF076147617EE7DFF848904A454A
:105CD000F2D009F58039EDE7CC6875E7CC6804347B
:105CE00072E7CC6808346FE7CC680C346CE70024AA
:105CF0006AE7042468E70022AAE70122A8E7022253
:105D0000A6E700BF00100240000401400008014067
:105D100000002210000031102DE9F74F4FF0040B66
:105D200000224FF0010A4FF00F0800EB0B03019324
:105D30002E4B31FA02F402D103B0BDE8F08F0AFA1B
:105D400002F70F4049D022F0030404F1804404F527
:105D5000803402F0030CA5684FEA8C0C08FA0CF9A9
:105D600009EA050E224DA84239D005F58065A84202
:105D700037D005F58065A84235D005F58065A84285
:105D800014BF0425032505FA0CF575456FEA0706CF
:105D90000FD11D6835401D605D6835405D60DD6870
:105DA0003540DD609D6835409D60A56825EA0905A0
:105DB000A560FF2F94BF0746019F4FEA82043D680C
:105DC00088BF203C08FA04FC25EA0C050BFA04F411
:105DD00025433D60C4683440C4600132A9E7002512
:105DE000D1E70125CFE70225CDE700BF0004014040
:105DF0000008014080680840003818BF0120704743
:105E00000AB1016170470904FBE7016800224B6990
:105E100013F4806310D06FF480634B61202302631E
:105E200080F83D3080F83E20036C80F83C2043F041
:105E30000403036401207047184670472DE9F846B3
:105E400006460F4691461D464FEA114A3368BAF19D
:105E5000010F39D15C6927EA0404A4B2B4FA84F4CE
:105E60006409A14501D0002024E06A1CEFD0FFF7AF
:105E7000C3F9089BC01AA84201D8002DE6D1BAF197
:105E8000010F336818D15B6927EA03039BB2B3FAA9
:105E900083F35B099945D9D1002320220120336384
:105EA00086F83D2086F83E30326C86F83C3042F071
:105EB00020023264BDE8F8869B69DB43C3F34003EC
:105EC00083F00103DBB2E5E79C69E443C4F34004DB
:105ED00084F00104E4B2C4E72DE9F04104460F4622
:105EE000164698462568686927EA000080B2C0B166
:105EF0006B695A0517D52B68202243F400732B6079
:105F00006FF480636B610023236384F83D2084F881
:105F10003E30236C43F0040323640023012084F803
:105F20003C30BDE8F081731CDDD0FFF765F9A0EBD4
:105F30000800B04201D8002ED4D123685A6927EA5C
:105F4000020292B2002ACDD000232022236384F8DB
:105F50003D2084F83E30236C1343DDE770B50446E2
:105F60000D46164623685B691B0601D500201EE01E
:105F70002046FFF74AFFC8B96A1CF3D0FFF73CF987
:105F8000801BA84201D8002DECD123685B6913F077
:105F90008003E7D12022236384F83D2084F83E303B
:105FA000226C84F83C3042F020022264012070BD53
:105FB0002DE9F043154602689946136885B043F40D
:105FC00080731360DDE90C780E463B4600224FF0EB
:105FD0000111CDF800800446FFF730FF236838B187
:105FE0001B68DB0502D54FF400732364032620E011
:105FF00006F0FE061E613A46434620461849FFF762
:106000006BFFA8B9236803905A69394603929B69CC
:10601000424603932046039BFFF7A0FF064660B16C
:10602000236C042B01BF2268136843F400731360D0
:106030000126304605B0BDE8F083B9F1010F2368B1
:1060400002D1EDB21D61F4E72A0A1A6139464246CF
:106050002046FFF783FF0028E2D12368F1E700BF65
:10606000020001002DE9FF479A46DDE90C7803683C
:1060700015461A680E4642F480621A601A684FF09C
:10608000011142F480721A603B460022CDF8008074
:106090000446FFF7D3FE236848B11B68DB0548BF01
:1060A0004FF400734FF0030048BF236421E05FFA10
:1060B00086F906F0FE061E613A4643462046294907
:1060C000FFF70AFFA0B9236803905A693946039283
:1060D0009B69424603932046039BFFF73FFF58B15D
:1060E000236C042B01BF2268136843F40073136010
:1060F000012004B0BDE8F087BAF1010F23681AD17E
:10610000EDB24246394620461D61FFF727FF0246A1
:106110000028E5D1216820460B6843F480730B60AA
:106120003B464FF00111CDF80080FFF787FE226853
:1061300060B11368B2E72A0A1A613946424620461E
:10614000FFF70CFF0028CBD12368D9E749F0010302
:106150001361204643463A46024904B0BDE8F04781
:10616000FFF7BABE0200010070B504460D461646A0
:1061700023685B695B0701D500201EE02046FFF71E
:1061800044FEC8B96A1CF3D0FFF736F8801BA8425A
:1061900001D8002DECD123685B6913F00403E7D12B
:1061A0002022236384F83D2084F83E30226C84F85A
:1061B0003C3042F020022264012070BD70B50446DC
:1061C00008B9012070BD90F83D3003F0FF021BB903
:1061D00080F83C20FEF7A8FC242384F83D30236897
:1061E0001A6822F001021A601A6842F400421A602A
:1061F0001A6822F400421A6002F0C8FA3F4B656840
:106200009D4294BF3E4B3F4B98428CBF00230123DD
:10621000002BD6D1394E3C4BB542B0FBF3F388BFCF
:106220004FF496762268516821F03F0141EA03015C
:1062300082BF73434FF47A76B3FBF6F35160116A71
:10624000013321F03F010B431362D169431E2B48F8
:1062500021F44F41854221F0FF0132D86D00B3FB9C
:10626000F5F340F6FC700133034242D0C3F30B0355
:106270001943D1611168D4E9073021F0C00103430B
:106280000B4313609168D4E9030321F403410343F2
:1062900021F0FF010B439360D168D4E9053021F070
:1062A000FF0103430B43D3601368002043F0010355
:1062B00013602023206484F83D30206384F83E007E
:1062C00080E7A06850B905EB4505B3FBF5F3013352
:1062D000C3F30B037BB143F40043C9E719206843C0
:1062E000B3FBF0F30133C3F30B0323B143F4404397
:1062F000BEE70423BCE70123BAE700BFA086010084
:106300007F841E00FF083D0040420F0010B5044688
:1063100098B12423026880F83D30136823F001030C
:106320001360FEF775FC0020206484F83C0084F8BC
:106330003D00206384F83E0010BD0120FCE7000012
:106340002DE9F743044699460F4690460C9EFEF70A
:1063500053FF94F83D300546202B03D0022003B0B4
:10636000BDE8F08300901923012220463A49FFF747
:1063700065FD0028F2D194F83C30012BEED00123CA
:10638000206884F83C3003684246D90758BF036848
:1063900039465CBF43F001030360036823F40063E4
:1063A0000360212384F83D30402384F83E300023ED
:1063B00023640A9B20466362BDF82C306385638D9D
:1063C0002385264BE3624B46CDE90065FFF7F0FDE0
:1063D00000282AD00120C2E7FFF7C0FD40B1236C9E
:1063E000042B01BF2268136843F400731360F1E7C4
:1063F000636A27681A4612F8011B39616262628D6E
:10640000218D013A92B262857A69481E80B25207A4
:1064100020850AD548B15A7802333A616362638DA8
:106420000239013B9BB221856385238D2A46314683
:106430002046002BD0D1FFF797FE0028CFD122684D
:10644000136843F400731360202384F83C0084F83D
:106450003D3084F83E0082E7020010000000FFFF9C
:106460002DE9FF4799460023044602930F469046C4
:106470000C9EFEF7C1FE94F83D308246202B16D1CB
:1064800046F2A812554B1B68B3FBF2F31922534393
:106490000293029B013B0293029B53B92022236388
:1064A00084F83D2084F83E30236C1343236402209B
:1064B00066E0226893699907EBD494F83C30012B8D
:1064C000F5D0012384F83C3013680025DB0758BF62
:1064D000136843495CBF43F001031360136823F45E
:1064E00000631360212384F83D30402384F83E305C
:1064F000BDF8343025646385638D66629BB2E162CA
:1065000023856764C4F84880C4F84C902565002B47
:1065100057D0606B40B333494563816232491032D2
:10652000C0E90B513146FFF7E9F9064600283CD196
:1065300023234246009339464B462046CDF804A01B
:10654000FFF736FDF8B1606BFFF734FA636B9E62BC
:1065500023681A6822F480621A6066851A682685A4
:1065600022F001021A600AE0202384F83D3084F80A
:106570003E00236C84F83C0043F080032364012038
:1065800004B0BDE8F087236803905A6903929A69C2
:1065900084F83C000392039A5A6842F480725A606D
:1065A0005A6842F400625A60EAE7202384F83D30DA
:1065B00084F83E50236C84F83C5043F0100323646D
:1065C000DDE7202284F83D2084F83E30226C84F8F8
:1065D0003C3042F040022264D1E700BF840000203A
:1065E0000000FFFFB96800087F6800082DE9F04748
:1065F00086B0044698460E461746DDF838A0FEF7EA
:10660000FBFD0023039394F83D308146202B03D0FB
:10661000022006B0BDE8F08746F2A812644B1B6862
:10662000B3FBF2F3192253430393039B013B039300
:10663000039B4BB92022236384F83D2084F83E302D
:10664000236C13432364E3E721688B699A07ECD436
:1066500094F83C30012BDBD0012384F83C300B68EC
:106660000025DB0758BF0B68524A5CBF43F00103AB
:106670000B600B6823F400630B60222384F83D3029
:10668000402384F83E30BDF83C3025646385638D3B
:10669000C4F824A09BB2E26223856664A764C4F8B0
:1066A0004C802565002B66D0A06B58B3424A4563E9
:1066B0008262424A1031C0E90B525246FFF71EF97E
:1066C000824600284BD123233A4600933146434665
:1066D0002046CDF80490FFF7C5FC00B3A06BFFF790
:1066E00069F9A36BC3F828A023681A6822F48062B2
:1066F0001A60A4F82AA01A68A4F828A022F00102BF
:106700001A600AE0202384F83D3084F83E00236CB0
:1067100084F83C0043F080032364012079E7228D54
:106720002368012A0BBF1A685A6822F4806242F477
:1067300080520CBF1A605A60002204925969049179
:10674000996984F83C20049104995A6842F4807253
:106750005A605A6842F400625A60002059E72023C8
:1067600084F83D3084F83E50236C84F83C5043F06C
:1067700010032364D1E723233A460093314643466E
:106780002046CDF80490FFF76DFC0028C5D12368A2
:1067900005905A6905929A690592059A1A6842F419
:1067A00000721A60202384F83C0084F83D30D4E75E
:1067B000840000200000FFFFB96800087F6800081F
:1067C00070477047704770477047704790F83D209A
:1067D00008B5036DD2B283B9C36C0268012B836C18
:1067E00005D1DBB21361036D0233036508BDC3F34A
:1067F00007231361036D0133F7E7036D012B03D109
:10680000836C0268DBB2F4E7036D022B2FD1222ADE
:1068100005D10268136843F480731360EAE7438D7F
:106820009BB263B1212A0AD1436A026813F8011BA3
:1068300011614362438D013B9BB24385D6E7438D93
:106840009BB2002BD2D1212AD0D10268516821F409
:10685000E0615160116841F400711160202203630E
:1068600080F83D2080F83E30FAF7EEFDBEE7036881
:106870005A69120644BF00221A61B7E77047406A9E
:1068800008B5436B0BB100229A62836B0BB10022F7
:106890009A620268136823F4806313600023202245
:1068A000438580F83D2080F83E30036C43F01003B0
:1068B0000364FFF7E3FF08BD70B5446A236894F8EA
:1068C0003D1094F83E00E26A5D68C9B225F4407557
:1068D0005D60656BC0B20DB10026AE62A56B0DB1F7
:1068E0000026AE6201F02105212D05D001F0220520
:1068F000222D23D1202821D15A68292922F400628F
:106900005A604FF0000363850DD1212323632823B0
:10691000204684F83D30FFF755FF2268536843F462
:106920004073536070BD2A29F7D1222323632823A3
:10693000204684F83D30FFF746FFEEE794F83E101E
:106940000029EFD0618D89B2012902BF196821F4B5
:1069500080611960596812F5803F21F440715960D7
:1069600006D0082A04D0B2F12A4F01D0202A03D140
:10697000196841F400711960596821F48051596017
:10698000596821F40061596000236385236C1BB1B1
:106990002046FFF773FFC5E7202184F83D1094F8E7
:1069A0003E1084F83E30402904D120462363FAF794
:1069B00051FDB7E7082A01D0202A05D1002320463F
:1069C0002363FFF7FEFEADE71223F8E770470000F0
:1069D000002337B546F2A81101932C4B406A1B687F
:1069E00090F83D20B3FBF1F323214B43019303685F
:1069F000D2B2019941BB016C41F020010164446BAA
:106A00000CB10021A162816B09B100258D621D6866
:106A100025F480651D600025458504B1656301B1DD
:106A20004D63196821F00101196090F83D1060294B
:106A300011D1202380F83D30002380F83E300364DC
:106A4000FFF7C4FF03B030BD019901390191196806
:106A50008905CED4D3E702F02802282A0ED119687E
:106A600041F001011960196841F480611960002347
:106A7000036380F83D20FFF701FFE3E7202380F860
:106A80003D30002380F83E30F5E700BF8400002051
:106A900010B590F83D2090F83E300446102BD9B246
:106AA000D2B2036801D0402913D1222A11D119682A
:106AB00021F400611960596811F4006106D1602A5F
:106AC0001EBF202284F83D2084F83E10002222635D
:106AD00007E002F028012829EDD10022226384F882
:106AE0003D105A6812F400624FD05A68606B22F46D
:106AF00000625A6090F82130012B374B2BD0436352
:106B0000FEF758FF50B12268606B136823F0010351
:106B10001360202384F83D30436B9847236C19079A
:106B20001FBF2268536823F4E063536094F83D303C
:106B3000226CDBB252070DD5282B0BD1274B20221C
:106B4000E36200232046236384F83D2084F83E302E
:106B5000FFF73BFE10BDA06B4363FEF72BFF002841
:106B6000DCD023685A69510605D51A69636A1A7020
:106B7000636A013363622268A06B136823F0010328
:106B80001360202384F83D30C6E794F83D10602957
:106B900015D1202184F83D1022645A69520605D58A
:106BA0001A69636A1A70636A013363622268204655
:106BB000136823F001031360FFF708FFAEE75A697B
:106BC000500605D51A69636A1A70636A01336362F5
:106BD0002046FFF753FEA1E7D16900080000FFFF40
:106BE000F0B5044603688FB05A68C66A90F83E0054
:106BF00094F83D101028C5B2C9B202D0402D40F023
:106C0000E5829F69586910F0010F07D1B6F52A0F88
:106C100002D0B6F12A4F51D10FB0F0BD96054DD537
:106C2000E26AB2F52A0F0CD10122E26294F83E200A
:106C3000402A11D1226D52B9626C02F0FE021A6133
:106C4000EAE7E26AB2F12A4FF0D10822EDE7626C7E
:106C500042F00102D2B2F2E72269B2F5804F1AD1B6
:106C600094F83D20212A626C11D102F0FE021A61D3
:106C7000626B0AB1926A2AB9A26B002ACCD0926ADE
:106C8000002AC9D05A6842F400625A60C4E742F050
:106C90000102D2B2EBE7226D32B9626CD21102F07E
:106CA000060242F0F002CAE7226D012AB4D1626CFA
:106CB000D21102F0060242F0F102C0E7060703D546
:106CC000960501D5626CE4E7860740F1F0809605F1
:106CD00040F1ED8094F83E10E26A256B94F83D0097
:106CE000C9B2222840F0DB80206D40B9402906D18E
:106CF00000905A6900929B690093009B8CE7216D7C
:106D000089B92069B0F5404F0DD101915A690192BE
:106D10009A690192019A1A6842F480721A60236D8E
:106D20000133236578E7618D89B251B902915A69BF
:106D300002929A690292029A1A6842F400721A60E8
:106D400019E0618D89B2012949D112F5803F1BD12B
:106D50001A6822F480621A605A6812F400620CD039
:106D60001A6822F480621A60002203925A69039220
:106D70009B690393039B0023D3E704925A6904920F
:106D80009A690492049AD7E7082A1CD0202A1AD0BC
:106D9000122D0DD1012A16D11A6822F480621A60D0
:106DA000002205925A6905929B690593059BE2E7CB
:106DB000102AF1D8864941FA02F2D707ECD41A68B2
:106DC00042F48062EBE71A6822F480621A600022C3
:106DD00006925A6906929A690692069AACE7618D04
:106DE00089B2022938D1102A03D87A49D140CE0776
:106DF00018D4196841F4006119600021079159699C
:106E00000791996907910799196821F480611960C0
:106E100059680D05AFD5202A1BD8072A0ED8012A9C
:106E2000A9D111E0196841F480611960002108912D
:106E300059690891996908910899E9E7A2F108014F
:106E4000654ACA40D00796D55A6842F480525A60C3
:106E500091E712F5803FE3E7196841F4806119601A
:106E60005968090510D5202A16D8072A06D8012AFC
:106E70000AD15A6842F480525A6005E0A2F1080132
:106E8000554ACA40D207F4D4002209925A6909929D
:106E90009B690993099B6EE712F5803FE8E70022A2
:106EA0000A925A690A929B690A930A9BB4E67F0781
:106EB00040F194805E6836053FF5AEAE070600F0FF
:106EC00004063ED550053CD5002E3DD194F83D201A
:106ED000258D94F83E10D2B2E06AC9B2C5B9212A14
:106EE00018D1082858D0202856D010F5803F53D00C
:106EF0005A6822F4E0625A6011232363002384F865
:106F00003E302023204684F83D30FFF759FC83E6CD
:106F1000212A05D040297FF47FAE222A7FF47CAE5F
:106F2000628D92B21AB95A6822F48062ADE694F882
:106F30003E20402A16D120460FB0BDE8F040FFF7B2
:106F400045BC002E3FF468AE97057FF565AE21295C
:106F500039D1E16A94F83D20212A7FF45DAE628D3B
:106F600092B24AB1626A12F8011B19616262638DC2
:106F7000013B9BB263854FE608290DD020290BD039
:106F800011F5803F08D0596821F4E0615960112360
:106F9000236384F83E20B4E75A68204622F4E06276
:106FA0005A601A6842F400721A6000232022236398
:106FB00084F83D2094F83E2084F83E30402AA4D145
:106FC000FAF742FA28E6402D7FF426AEB3E700BF79
:106FD000EBFFFEFF140001000101000159680E05DE
:106FE0003FF51AAE450600F0040140F186805005D9
:106FF00040F18380002940F0838094F83D20222ACC
:107000007FF40AAEE06A628D92B2032A14D91A693B
:10701000636A1A70636A01336362638D013B9BB2DA
:107020006385638D9BB2032B7FF4F6AD22685368B2
:1070300023F480635360EFE5E56A022D3FF473AFFC
:10704000012A3FF670AF0B9146F2A811794A1268F7
:10705000B2FBF1F202EB82020B920B9A013A0B9215
:107060000B99D1B9226C204642F0200222645A6862
:1070700022F4E0625A601A69636A1A70636A013323
:107080006362638D013B9BB26385202384F83D30AE
:1070900084F83E10FFF7F2FBBEE51A6812F40072A6
:1070A000DBD1196821F480611960596821F4E0612D
:1070B00059601969636A1970636A01336362638D89
:1070C000013B9BB26385202384F83D3094F83E3029
:1070D00084F83E20402B04D122632046FAF7BAF907
:1070E0009AE5082801D0202801D1002300E01223CE
:1070F00020462363FFF765FB8EE500293FF48CAD46
:1071000092057FF589ADE26A608D616A80B20428DC
:1071100009D15A6822F480625A601B690B70636A55
:107120000133636223E7608D80B203280CD1586875
:10713000042A20F480605860EFD0022AEDD01A684B
:1071400022F480621A60E8E7608D80B20228E4D100
:10715000042A33D007D8012A07D0022A2ED0186873
:1071600040F4007004E0102AF9D1186820F480601F
:1071700018601B690B70616A4B1C6362638D013B75
:107180009BB2638523681B694B70636A2168013376
:107190006362638D013B9BB263854B6823F440734C
:1071A0004B60202384F83D3094F83E30402B4FF064
:1071B000000384F83E3005D123638EE7186840F45D
:1071C0008060D5E7082A90D0202A8DE7206C20B374
:1071D0000025586987072FD596052DD5226C02B159
:1071E0009D6994F83D2002F02802282A18D15A6897
:1071F0002F0622F480625A604FF0000354BFE26809
:10720000A269C5F3800181F001012046C9B284F86A
:107210003C3092B2FFF7D8FAFEE49D695869D9E78D
:1072200000220C9259690C919B6984F83C200C93C4
:107230000C9BF1E484000020C60640F1B180950566
:1072400040F1AE8094F83D505A68EDB222F4E0620D
:107250005A6000220D925A690D921A6842F001029A
:107260001A600D9A1A6822F480621A605A68100532
:1072700020D505F0F702222A4AD1A06B0268526895
:1072800092B26285628D92B21AB1226C42F004020F
:1072900022645A6822F400625A60FEF765FC0128F5
:1072A00008D0A06B794B4363FEF784FB10B1A06B51
:1072B000436B9847638D9BB213B323685A69510798
:1072C00009D51A69636A1A70636A01336362638D50
:1072D000013B9BB2638523685A69520609D51A6936
:1072E000636A1A70636A01336362638D013B9BB208
:1072F0006385638D9BB21BB1236C43F0040323644D
:10730000236C13B320460FB0BDE8F040FFF7C0BBBD
:10731000606B0268526892B26285628D92B21AB155
:10732000226C42F0040222645A6822F400625A601D
:10733000FEF71AFC0128BDD0606B544B4363FEF787
:1073400039FB0028B6D0606BB2E72A2D06D1236343
:107350002823204684F83D30FFF735FA94F83D3075
:10736000282B0CD14A4B2022E362002320462363C2
:1073700084F83D2084F83E30FFF727FA4CE4236B75
:10738000222B02D0222D7FF447AC0023202223633E
:1073900084F83D2084F83E302046FFF714FA3BE4A1
:1073A00001F0F701212900F0040535D1070627D5A2
:1073B000560525D53DBB94F83D00628DC0B292B212
:1073C000002A3FF429AC626A12F8015B1D61626217
:1073D000628D013A92B26285628D92B2002A7FF488
:1073E0001BAC29287FF418AC5A68204622F480622E
:1073F0005A602823216384F83D30FFF7E3F90BE45A
:10740000002D3FF409AC95057FF506AC628D92B274
:10741000002A3FF401ACA5E5400627D5510525D546
:107420003DBB94F83D20618DD2B289B200293FF472
:10743000F3AB1969636A1970636A01336362638D20
:10744000013B9BB26385638D9BB2002B7FF4E4AB61
:107450002A2A7FF4E1AB2268536823F480635360E7
:1074600022232363282384F83D3095E7002D3FF441
:10747000D3AB92057FF5D0AB628D92B2002A3FF478
:10748000CBAB1A69636A1A7049E600BFD16900087C
:107490000000FFFFF8B5036804465F695E6890F876
:1074A0003E2017F48075D2B20AD016F4807507D04A
:1074B0006FF4807101255961196841F40041196028
:1074C000B80506D5F10542BF6FF4007145F002051D
:1074D0005961780536D5F10534D5608D94F83D10A5
:1074E000202AD4F830C080B2C9B25FD100285DD163
:1074F00001F0F700212804D0282957D1BCF1210F31
:1075000054D194F83D20E16AD2B2082901D0202953
:107510002AD1282A28D12E4A2046E2625A6822F42B
:10752000E0625A606FF480625A611A6822F48062E5
:107530001A6000232022236384F83D2084F83E3023
:10754000FFF743F93A053FD5F3053DD56FF40062E7
:10755000236845F008055A61236C20461D432564C5
:10756000BDE8F840FFF794BA212A1BD11849E1621F
:1075700022630021202284F83D2084F83E105A68BE
:1075800022F4E0625A606FF480625A611A6822F451
:1075900080621A605A69100648BF19612046FFF7D9
:1075A00011F9CFE76FF480625A61CBE76FF4806125
:1075B000102A596145F0040501D0402AC2D11A6849
:1075C00042F400721A60BDE7002DC5D1F8BD00BFBE
:1075D0000000FFFF90F83D007047006C7047F8B561
:1075E0000446E0B190F8913203F0FF021BB980F835
:1075F000902203F037FB032384F8913200232546C1
:10760000637155F8040B01F0EFFF95E80E00206858
:1076100001F0DAFF014628B1022384F891320125F6
:107620002846F8BD206801F0E9FF0028F4D10246A1
:107630000127267904F11003C1B28E4203F1280319
:1076400018D800210A4604F5A873C8B2864203F18F
:1076500028031BD895E80E00206801F0D1FF0546ED
:107660000028D9D101236073206884F8913202F098
:107670007DFAD5E743E9062203F8277C03F8281CA6
:1076800003F8252C43F8102C0130D5E743E90622F6
:1076900003F8272C03F8280C03F8252C43F8102CAA
:1076A0000131D2E738B590F890320446012B10D062
:1076B000012580F89052006801F08DFF2946204690
:1076C00003F0DFFB206802F04FFA002084F89002FC
:1076D00038BD0220FCE710B590F890220446012A3C
:1076E0000AD00122417380F89022006802F036FA35
:1076F000002084F8900210BD0220FCE72DE9F04F35
:10770000044687B0006802F033FA10F4004500F038
:1077100025844FF02809C54E2068B0F8443019047C
:1077200002D407B0BDE8F08FB0F84470B9B217F0DA
:107730000F0740F0BF8011F0100126D103889BB2E3
:10774000334043F400430380B0F85030227C9BB2B6
:1077500003EBC20300EB4303B3F80434626AC3F3E0
:1077600009031A44E3622046626203F0B2FA637BC3
:10777000002BD1D0A26A002ACED1637B216843F0CE
:107780008003A1F84C306273C6E70588ABB215F4EC
:10779000006521D0B0F8503094F850219BB203EB33
:1077A000C20300EB4303B3F80C34B4F85621C3F31F
:1077B0000903C4F86C3104F5267102F020FC22683C
:1077C0002046138823F070031B051B0D43F0800334
:1077D000138003F06FFA9FE71B049DD5038823F005
:1077E00070031B051B0D43F080030380B0F850307D
:1077F00094F850219BB203EBC20300EB4303B3F8B0
:107800000C34C3F30903C4F86C318BB1D4F86411A0
:1078100071B1B4F8562102F0F2FBD4F86431D4F817
:107820006C21294613442046C4F8643103F048FA19
:1078300021680A88170593B23FF56EAF03F44053F1
:10784000B3F5405F3FF468AFB1F8502001F20C404F
:1078500092B2835AD4F86051C3F309033E2D835288
:107860001DD9835A6F09ED0608BF07F1FF379BB298
:1078700043EA87236FEA43436FEA53439BB2835241
:107880000B8823F4804323F070031B041B0C83F448
:10789000405343F4004343F080030B803CE7835A9A
:1078A000002DE7D005F001079BB207EB550543EA31
:1078B0008523E3E730F8273019041FFA83F840F1F5
:1078C000F38030F8273009FB074223F070031B05D3
:1078D0001B0D43F0800320F8273092F85C5192F89A
:1078E0005031D2F8641100F5806E95B9B0F850505F
:1078F000ADB2063505EBC3033EF81350C5F30905D9
:10790000002D00F0B6802B46B2F8562102F077FB2E
:10791000AFE092F85351022D40F08A8018F4804570
:107920000195B0F850504FEAC30BADB2D2F868C120
:1079300008F0400A5D443CD002353EF81550C5F3CE
:107940000905654514D94FF0000CC2F868C130F83C
:10795000232022F4804222F070021204120C82F4DE
:10796000005242F4004242F0800220F8232006E058
:10797000ACEB050CC2F868C1BCF1000FE7D0BAF15E
:10798000000F0DD030F8232022F4E04222F07002E4
:107990001204120C42F4004242F0C00220F82320EC
:1079A000002D66D0282202FB07422B46B2F8582150
:1079B000ACE706353EF81550C5F30905654514D901
:1079C000DDF804C0C2F868C130F8232022F48042F8
:1079D00022F070021204120C82F4005242F40042AF
:1079E00042F0800220F8232006E0ACEB050CC2F840
:1079F00068C1BCF1000FE7D0BAF1000F0DD130F82B
:107A0000232022F4E04222F070021204120C42F40D
:107A1000004242F0C00220F8232055B3282202FB86
:107A200007422B46B2F85A2170E700BF0F8FFFFFC5
:107A300030F8235025F4E04525F070052D042D0C79
:107A400045F4004545F0C00520F8235092F8505108
:107A500030F82530ED0013F4804FB0F850309BB271
:107A60002B4452D002333EF81350C5F30905002DC4
:107A70009BD109FB07F16318D3F86C212A44C3F8A2
:107A80006C21D3F864212A44C3F86421D3F8682117
:107A90001AB1D3F860319D423FD209FB074320461B
:107AA00093F8501103F00CF918F0800F3FF434AE46
:107AB000206809FB07FC30F827309BB2334043F4C1
:107AC000004320F8273004EB0C03DA7C012A54D160
:107AD000002107FB0992A1501A7F82B318F04008D9
:107AE0005A7C34D002BBB0F850201B7C92B21B01F0
:107AF00000F2044010441A5AC2F309021A521A5AE8
:107B000092B242F400421A5219E006333EF8135082
:107B1000C5F30905002DACD083E701F5A8712068F5
:107B2000214402F03BF8BFE7012A08D1B0F8502009
:107B30001B7C92B200F204401B011044195228230E
:107B400003FB0743197C204603F0C3F8E4E53AB988
:107B5000B0F850201B7C92B21B0100F20C40C9E728
:107B6000012AECD1B0F850201B7C92B200F20C40FC
:107B70001B01104423F80080E1E7197CB0F8505055
:107B80004FEAC10AADB218F4807B9A6A00F5806EA4
:107B9000554417D102353EF81550C5F309059542F5
:107BA00002D3C3F828B0CEE7521B9A625A6A0CF18E
:107BB00010012A445A62DA6A21442A44DA6201F046
:107BC000EDFFA9E518F0400C08F4804800F0E480CF
:107BD00002353EF815501FFA88F8C5F3090595429D
:107BE0002CBF0022521B9A62002A55D1282303FB86
:107BF00007435B7C002B3DD1B0F8502000F20445D8
:107C000092B20B011544EA5AC2F30902EA52EA5A47
:107C10006FEA42426FEA524292B2EA52B0F8502002
:107C200000F20C4092B21044C25AC2F30902C2528E
:107C3000C25A6FEA42426FEA524292B2C2522046A0
:107C400003F047F8B8F1000F00F0E480282303FBAD
:107C500007432268197C32F8213023F4E04323F0F3
:107C600070031B041B0C43F4404343F0800322F8D1
:107C70002130CFE0012BE2D1B0F850C000F2044532
:107C80001FFA8CFC65440B01EA52B0F8505000F228
:107C90000C40ADB22844D1E7B8F1000F0DD030F858
:107CA000212022F4E04222F070021204120C42F46D
:107CB000404242F0800220F821204FF0280E0EFBB7
:107CC000074E9EF83420012A40F0A480DEF82420DC
:107CD00002EB050CCEF824C0DA6A2A44DA62DEF838
:107CE0003030DEF82020934231D39B1ACEF830306A
:107CF000282303FB07435D7C93B2002D41D1B0F8EC
:107D000050E000F204451FFA8EFE7544090135F873
:107D100001E03E2ACEF3090E25F801E023D94FEA0F
:107D2000521ED2066A5A08BF0EF1FF3E92B242EAD4
:107D30008E226FEA42426FEA524292B26A5228227F
:107D400002FB0742128B614601F018FF62E01BB98B
:107D50002A468EF83430CBE700228EF83420CEF855
:107D600030201A46C4E70AB96A5AE2E735F801E05A
:107D700002F001081FFA8EFE08EB52024EEA822240
:107D8000DBE7012DDBD1B0F8505000F20442ADB278
:107D90002A4409015352D2E706353EF815501FFA1E
:107DA00088F8C5F3090595428CBF6246521B9A625A
:107DB000002A57D1282303FB07435B7C002B3FD1CC
:107DC000B0F8502000F2044592B20B011544EA5A73
:107DD000C2F30902EA52EA5A6FEA42426FEA524299
:107DE00092B2EA52B0F8502000F20C4092B2104425
:107DF000C25AC2F30902C252C25A6FEA42426FEA41
:107E0000524292B2C252204602F063FFB8F1000F14
:107E10003FF41CAF282303FB07472268397C32F864
:107E2000213023F4E04323F040031B041B0C83F0B8
:107E3000300343F4004343F0800322F821306BE425
:107E4000012BE0D1B0F850C000F204451FFA8CFCC1
:107E500065440B01EA52B0F8505000F20C40ADB24C
:107E60002844CFE7B8F1000F0DD130F8212022F4DB
:107E7000E04222F070021204120C42F4404242F03E
:107E8000800220F821204FF0280E0EFB074E9EF8AE
:107E90003420012ABED1DEF8242002EB050CCEF8F6
:107EA00024C0DA6A2A44DA62DEF83030DEF82020B4
:107EB00093422ED39B1ACEF83030282303FB07437E
:107EC0005D7C93B2002D3ED1B0F850E000F20C453D
:107ED0001FFA8EFE7544090135F801E03E2ACEF303
:107EE000090E25F801E020D94FEA521ED2066A5A3F
:107EF00008BF0EF1FF3E92B242EA8E226FEA424282
:107F00006FEA524292B26A52282202FB0742528B17
:107F100019E71BB92A468EF83430CEE70022CEF896
:107F200030208EF834201A46C7E70AB96A5AE5E7C6
:107F300035F801E002F001081FFA8EFE08EB52024C
:107F40004EEA8222DEE7012DDED1B0F8502000F2A9
:107F50000C4592B215440A01AB52D5E7420512D541
:107F600022682046B2F8443023F480631B041B0CC3
:107F7000A2F8443002F0B9FE2946204607B0BDE819
:107F8000F04FFFF7A8BB43040AD52268B2F844308B
:107F900023F480431B041B0CA2F84430FFF7C1BB41
:107FA000870405D52268B2F8443023F40053F1E782
:107FB000C60419D522682046B2F8403023F00403E5
:107FC0001B041B0CA2F84030B2F8403023F0080329
:107FD0001B041B0CA2F8403002F0AAFE2268B2F883
:107FE000443023F48053D5E7050548D5236802AD16
:107FF000184629461A4603F1200632F8047B9642B9
:1080000021F8027BF9D1B3F8402092B242F001028C
:10801000A3F84020B3F8402022F001021204120C11
:10802000A3F84020B3F844205105FBD5B3F8442011
:1080300022F480621204120CA3F8442035F8022BBB
:1080400020F8042B8642F9D1B3F84020204692B2A2
:1080500042F00802A3F84020B3F8442022F4006262
:108060001204120CA3F84420B3F8402092B242F05C
:108070000402A3F8402002F04BFEFFF752BB82053A
:108080000DD522682046B2F8443023F400731B0457
:108090001B0CA2F8443002F024FEFFF742BBC305DC
:1080A0007FF53FAB2268B2F8443023F4807371E768
:1080B00070B52824054601F00700444311F0800FF5
:1080C00014BF04F1100104F5A87105EB040615BFF7
:1080D00001240024747486F8514114BF49194919C8
:1080E000022BCB7008BF0023087008BF0B710A6118
:1080F00095F89032012B09D00123286885F8903239
:1081000001F090FA002085F8900270BD0220FCE793
:10811000282301F00702534311F0800F10B50446E5
:1081200018BF03F1100118440BBF03F5A871012318
:10813000002309190ABF0919437480F851310A70E4
:1081400094F89032012B09D00123206884F89032F2
:1081500001F0C8FB002084F8900210BD0220FCE76B
:1081600070B52824002601F007014C43051985F855
:10817000501185F8516104F5A8710144C5E95923EE
:10818000C5F86C61006801F009FD304670BD282318
:1081900001F0070103FB0100D0F86C01704770B5D6
:1081A000282501F007014D434419C4E909230122A0
:1081B0000026217484F83420627405F11001014412
:1081C0002363E662006801F0E9FC304670BD38B513
:1081D000037901F00705AB4204462AD311F0800F62
:1081E0004FF028031CD001226B4303F1100103441C
:1081F00001445A7401230D708B7094F890229A42B6
:1082000019D0206884F8903201F03FFC25B920682D
:1082100004F5267101F0B0FC002084F8900238BD0E
:1082200000224B4303F5A8710344014483F8512114
:10823000E0E70120F3E70220F1E738B5027901F029
:108240000F039A42044626D3282301F00702534322
:1082500011F0800F14BF03F1100103F5A871184449
:108260004FF0000515BF012300230919091914BF98
:10827000437480F851318D700A7094F89032012B5C
:108280000BD00123206884F8903201F01EFC2846B0
:1082900084F8905238BD0120FCE70220FAE710B5BF
:1082A000282411F0800F1BBF01F0070104FB01001F
:1082B00004FB0100103008BF00F5A87099B21AB98C
:1082C0000273C180002010BD012283600273F9E7B0
:1082D0002DE9F341054638B30368DB0710D42B685A
:1082E0009F075ED42B68190700F195802B685A0709
:1082F00000F1C180EB69002B40F02C81002029E0C7
:10830000904C636803F00C03042B07D0636803F000
:108310000C03082B0AD16368DE0307D523689C038E
:10832000DDD56B68002BDAD1012013E06B68B3F563
:10833000803F12D1236843F480332360FCF75CFF55
:10834000064623689803CAD4FCF756FF801B6428AE
:10835000F7D9032002B0BDE8F0819BB9236823F46C
:1083600080332360236823F480232360FCF744FFD9
:10837000064623689903B2D5FCF73EFF801B6428AC
:10838000F7D9E6E7B3F5A02F236803D143F48023A0
:108390002360CFE723F480332360236823F4802312
:1083A000CBE7684C636813F00C0F07D0636803F0E9
:1083B0000C03082B10D16368DA030DD423689B07E4
:1083C00002D52B69012BAFD123686A6923F0F8032A
:1083D00043EAC203236085E72A695B4B6AB1012245
:1083E0001A60FCF709FF064623689F07ECD4FCF7E8
:1083F00003FF801B0228F7D9ABE71A60FCF7FCFEED
:108400000646236898077FF56DAFFCF7F5FE801BE5
:108410000228F6D99DE7AA694A4E4B4BE2B10122E8
:10842000C3F88024FCF7E8FE0446736A9B070DD569
:108430004FF4FA52454B1B68B3FBF2F3019300BFB4
:10844000019B5A1E0192002BF9D14FE7FCF7D4FE95
:10845000001B0228E9D97CE7C3F88024FCF7CCFE96
:108460000446736A9F077FF541AFFCF7C5FE001B0A
:108470000228F6D96DE7334CE369D80024D40127EC
:10848000E36943F08053E361E36903F080530093B1
:10849000009B2F4E3368D90518D5EB68012B26D1E8
:1084A000236A43F001032362FCF7A6FE41F28838F9
:1084B0000646236A9B073FD5002F3FF41BAFE369B5
:1084C00023F08053E36115E70027E2E7336843F4C4
:1084D00080733360FCF790FE80463368DA05DCD4A5
:1084E000FCF78AFEA0EB08006428F6D931E7ABB9A7
:1084F000236A41F2883823F001032362236A23F0C0
:1085000004032362FCF778FE0646236A9807D3D556
:10851000FCF772FE801B4045F7D91AE7052B236A4A
:1085200003D143F004032362BAE723F0010323627B
:10853000236A23F00403B6E7FCF75EFE801B404588
:10854000B7D906E700100240000042428400002034
:10855000007000402A4C626802F00C02082A3ED0EB
:108560000022022B274B1A662CD1FCF745FE06464B
:108570002368990120D42B6AB3F5803F05D1626846
:10858000A96822F400320A436260696A62680B4398
:1085900022F474121343012263601A4B1A66FCF72B
:1085A0002BFE054623689A013FF5A8AEFCF724FE92
:1085B000401B0228F6D9CCE6FCF71EFE801B0228E1
:1085C000D6D9C6E6FCF718FE054623689B017FF561
:1085D00095AEFCF711FE401B0228F6D9B9E6012B37
:1085E0003FF4A2AE60682B6A00F480329A427FF4B6
:1085F0009BAE6B6A00F47010C01A18BF0120A9E688
:1086000000100240000042420D4A536803F00C0182
:10861000082912D10B48C3F38341DB03405C09D521
:108620005368094AC3F340435043084AD35CB0FB44
:10863000F3F07047064B584370470348704700BF3C
:10864000001002406FD6000800127A006DD60008B4
:1086500000093D002DE9F0410D46044610B9012006
:10866000BDE8F081444A136803F007038B4228D326
:1086700021688E0730D4CA0743D43F4A136803F0F9
:108680000703AB4265D822683C4D12F0040F6CD151
:10869000130706D56B68226923F4605343EAC203CB
:1086A0006B60FFF7B1FF6B68354AC3F30313D35C0C
:1086B000D840344B1860344B1868FCF75BFD002041
:1086C000CEE7136823F007030B431360136803F02E
:1086D00007038B42C3D1CBE7284B11F0040F1EBF19
:1086E0005A6842F4E0625A60080742BF5A6842F48E
:1086F00060525A605A68A06822F0F00202435A6041
:10870000B9E762681D4E012A33681AD113F4003F9D
:10871000A5D0736841F2883823F0030313437360D4
:10872000FCF76AFD07467368626803F00C03B3EB5D
:10873000820FA2D0FCF760FDC01B4045F3D9032097
:108740008EE7022A02D113F0007FE1E713F0020F57
:10875000DEE7136823F007032B431360136803F06D
:108760000703AB427FF47BAF8DE76B68E16823F4CE
:10877000E0630B436B608BE7002002400010024077
:108780005DD60008840000208C000020044B054AC0
:108790005B68C3F30223D35C034A1068D840704778
:1087A0000010024055D6000884000020044B054A02
:1087B0005B68C3F3C223D35C034A1068D840704798
:1087C0000010024055D600088400002003682DE9FF
:1087D000F3410546D80720D5364CE369D9002AD4A1
:1087E0000126E36943F08053E361E36903F08053BA
:1087F0000193019B304F3B68DA051ED5236A13F4C1
:1088000040732ED1236A6A6823F4407313432362B2
:108810001EB1E36923F08053E3612A68910706D50E
:108820002449A8684B6823F4404303434B60D306B4
:1088300037D4002012E00026DCE73B6843F4807365
:108840003B60FCF7D9FC80463B68DB05D6D4FCF7DF
:10885000D3FCA0EB08006428F6D9032002B0BDE8E1
:10886000F0816A6802F440729A42CBD00120134A28
:10887000236AC2F84004002023F44071DF07C2F8E5
:1088800040042162BED5FCF7B7FC41F288380746A8
:10889000236A9807B6D4FCF7AFFCC01B4045F7D954
:1088A000DBE7044AE968536823F480030B43536011
:1088B000BFE700BF001002400070004000004242CD
:1088C000036A026A70B522F001020262446882699A
:1088D0000D6822F073022A438D6823F002032B43B4
:1088E0000A4DA8420BD1CD6823F008032B4324F492
:1088F0004074D1E90556354323F004032C4344600A
:1089000082614A684263036270BD00BF002C01406F
:10891000036A026A70B522F4807202624468C26916
:108920000D6822F073022A438D6823F4007343EA32
:1089300005230B4DA8420DD1CD6823F4006343EA13
:10894000052324F44054D1E90556354323F48063CC
:1089500044EA05144460C2614A68C263036270BDA0
:10896000002C0140036A026A30B522F48052026290
:108970004468C2690D6822F4E64242EA05228D6825
:1089800023F4005343EA0533064DA84202BF4D6964
:1089900024F4804444EA85144460C2614A68026455
:1089A000036230BD002C014090F83D30012B20D1F6
:1089B000022380F83D300368DA6842F00102DA6091
:1089C0000D4A93420AD0B3F1804F07D0A2F59432FA
:1089D000934203D002F58062934204D19A6802F078
:1089E0000702062A03D01A6842F001021A6000202A
:1089F00070470120704700BF002C0140704770474E
:108A0000704770477047036870B5DD681E6904469B
:108A1000B1070DD5AA070BD56FF002021A6101222A
:108A200002779B699B0769D0FFF7EAFF0023237752
:108A3000710710D56A070ED56FF00402236820462F
:108A40001A61022222779B6913F4407F5CD0FFF702
:108A5000D7FF0023237733070FD528070DD56FF0F5
:108A60000802236820461A6104222277DB699907ED
:108A700050D0FFF7C5FF00232377F20610D5EB0691
:108A80000ED56FF01002236820461A610822227763
:108A9000DB6913F4407F43D0FFF7B2FF0023237755
:108AA000F00708D5E90706D56FF0010223682046D4
:108AB0001A61F8F7D5FC320608D52B0606D56FF0FB
:108AC0008002236820461A6100F0F5FA700608D586
:108AD000690606D56FF04002236820461A61FFF749
:108AE00091FFB20622D5AB0620D56FF02002236895
:108AF0002046BDE870401A6100F0DCBAFFF77FFF46
:108B00002046FFF77EFF91E7FFF779FF2046FFF74A
:108B100078FF9EE7FFF773FF2046FFF772FFAAE793
:108B2000FFF76DFF2046FFF76CFFB7E770BD000051
:108B3000174A036890420AD0B0F1804F07D0A2F5DF
:108B40009432904203D002F58062904207D14A6885
:108B500023F070031343CA6823F4407313434A6934
:108B600023F08003134303608B68C3620B68836246
:108B7000074B984204BF0B690363012343610369F8
:108B8000DB0742BF036923F001030361704700BFA5
:108B9000002C014010B5044630B390F83D3003F08E
:108BA000FF021BB980F83C20FCF75CF80223206828
:108BB00084F83D30211DFFF7BBFF0123002084F81E
:108BC000463084F83E3084F83F3084F8403084F8F2
:108BD000413084F8423084F8433084F8443084F8DB
:108BE000453084F83D3010BD0120FCE710B5044647
:108BF00030B390F83D3003F0FF021BB980F83C2001
:108C0000FFF7FCFE0223206884F83D30211DFFF7AA
:108C10008FFF0123002084F8463084F83E3084F82A
:108C20003F3084F8403084F8413084F8423084F892
:108C3000433084F8443084F8453084F83D3010BD2A
:108C40000120FCE7036A026A70B522F0100202629A
:108C5000446882690D6822F4E64242EA05228D6882
:108C600023F0200343EA05130B4DA8420DD1CD6834
:108C700023F0800343EA051324F44064D1E9055648
:108C8000354323F0400344EA8504446082614A6826
:108C90008263036270BD00BF002C014038B590F8BC
:108CA0003C300446012B4FD00120082A84F83C00B8
:108CB0003AD006D8BAB1042A26D0002384F83C3032
:108CC00038BD0C2AF9D12068FFF74CFEC3690A6948
:108CD00043F40063C361C36923F48063C361C36960
:108CE00043EA02232EE02068FFF7EAFD83690A6960
:108CF00043F008038361836923F00403836183697C
:108D0000134383610020D8E72068FFF79BFF836946
:108D10000A6943F400638361836923F48063836198
:108D2000836943EA0223ECE72068FFF7F1FDC3699A
:108D30000A6943F00803C361C36923F00403C361F4
:108D4000C3691343C361DDE70220B9E710B5846846
:108D50000A4324F47F4442EA03222243826010BD86
:108D600038B590F83C300446012B4FF0020000F07B
:108D70008E80012284F83D00206884F83C208368BE
:108D800023F47F4323F0770383600B68602B4FD07D
:108D900032D8402B64D016D8202B0DD00AD833F00F
:108DA000100109D0012384F83D30002384F83C30C1
:108DB000104638BD302BF5D1826822F07002134383
:108DC00043F0070328E0502BECD14A68CD68016AD4
:108DD000036A21F00A0123F00103036283690A4355
:108DE00023F0F00343EA051383610262836823F0F2
:108DF000700343F057030FE0B3F5805F0DD0B3F578
:108E0000005F0CD0702BCDD1CB68D1E90121FFF7E9
:108E10009DFF836843F0770383600022C2E7CB683D
:108E2000D1E90121FFF792FF836843F48043F3E720
:108E3000036A026A4D6822F01002C9680262826900
:108E400023F0A00322F4704243EA051342EA013200
:108E500082610362836823F0700343F06703DBE7FA
:108E60004A68CD68016A036A21F00A0123F0010310
:108E7000036283690A4323F0F00343EA0513836125
:108E80000262836823F0700343F04703C4E702469D
:108E90008EE700684B68826810B522F070020C689B
:108EA0001A4322F007022243502B82602AD00ED8A8
:108EB000402B17D049D8202B12D005D823F010030F
:108EC000181E18BF012010BDB3F13000F9E7602B68
:108ED00028D0702B39D10B69D1E90221FFF736FF79
:108EE0000020F0E7052C30D0026A036A096923F0FC
:108EF00001030362836923F0F00343EA01138361F2
:108F00000262EDE78A680C69016A036A21F00A01CE
:108F100023F00103036283690A4323F0F00343EA69
:108F20000413ECE7036A026A8C6822F010020969F4
:108F30000262826923F0A00322F4704242EA013205
:108F400043EA041382610362CAE70120BBE738B534
:108F500090F83C300446012B4FF002031BD0012552
:108F600080F83D3080F83C50FFF793FF28B1002394
:108F700084F83D5084F83C3038BD2368DA6822F02C
:108F80004002DA60DA6822F48042DA6084F83D5008
:108F900084F83C00F0E71846EEE710B50124036AB8
:108FA00001F01F018C4023EA04030362036A8A4034
:108FB0001A43026210BD000008B529B990F83E308E
:108FC000012B1DD001202EE0042907D190F83F305D
:108FD000012BF7D1022380F83F3014E0082907D194
:108FE00090F84030012BEDD1022380F840300AE0A8
:108FF00090F84130012BE5D1022380F8413002E0A6
:10900000022380F83E3000680122FFF7C6FF0F4BB5
:10901000984209D0B0F1804F0BD1836803F0070369
:10902000062B0DD1002008BD436C43F4004343647C
:10903000F3E7074B9842F0D003F580639842ECD0F9
:10904000036843F001030360ECE700BF002C01401C
:1090500000040040FFF7B0BF30B590F83C30024646
:10906000012B4FF0020022D0136882F83D005C68AB
:109070000D6824F070042C4398685C600C4CA3428B
:109080000AD0B3F1804F07D0A4F59434A34203D0A3
:1090900004F58064A34204D1496820F080000143B4
:1090A00099600123002082F83D3082F83C0030BDF9
:1090B000002C014070477047026802F10C0353E82E
:1090C000003F23F490730C3242E80031026800291B
:1090D000F2D102F1140353E8003F23F0010302F13F
:1090E000140C4CE800310029F3D1036B012B0BD198
:1090F00002F10C0353E8003F23F0100302F10C0CC3
:109100004CE800310029F3D1202380F842300023BD
:109110000363704710B504460368C1681A6922F4F6
:1091200040520A431A6182680069D9680243606943
:1091300021F4B05121F00C0102430A43DA605A696C
:10914000A16922F440720A435A610E4A934215D132
:10915000FFF72CFB19234343626820689200B3FB9E
:10916000F2F36422B3FBF2F102FB11331B01323341
:10917000B3FBF2F303EB0113836010BDFFF706FBB3
:10918000E8E700BF0038014010B5044648B390F846
:10919000413003F0FF021BB980F84020FBF70EFEC0
:1091A0002423226884F84130D368204623F40053F6
:1091B000D360FFF7AFFF236800201A6922F49042C2
:1091C0001A615A6922F02A025A61DA6842F400529E
:1091D000DA602023606484F8413084F842306063B0
:1091E00010BD0120FCE790F84130202B10D189B14F
:1091F00082B1C28482840023212201620168436417
:1092000080F84120CA68184642F08002CA60704760
:109210000220704701207047704708B50023406A5C
:10922000C385C384FAF776F808BD704790F84230DA
:1092300007B5222B42D181680268B1F5805F836A4D
:109240003ED1016900293ED15268C2F3080223F8D9
:10925000022B8362C38D013B9BB2C385002B2DD1B2
:109260000268D16821F02001D160D16821F48071B9
:10927000D160516921F001015161202280F8422022
:109280004363026B012A026827D1036302F10C03D6
:1092900053E8003F23F0100302F10C0C4CE80031BE
:1092A0000029F3D11368DB0605D5019113680193FA
:1092B00053680193019B818DFFF7B7FF03B000BD99
:1092C00039B9016929B95268D2B21A70836A013377
:1092D000BFE7526802F07F02F7E7FAF703F8EDE71D
:1092E000036873B51A6804461607D9685D6908D122
:1092F000960668D58D0666D502B0BDE87040FFF7CA
:1093000095BF05F0010001F4907505435BD0D607C9
:1093100005D5CD0542BF636C43F001036364530779
:1093200004D518B1636C43F002036364960704D557
:1093300018B1636C43F004036364150707D501F0AB
:10934000200303431EBF636C43F008036364636C34
:10935000002B32D0920604D58B0602D52046FFF7AB
:1093600065FF266820467369626C03F0400302F0D3
:10937000080253EA020522D0FFF79EFE73695E06DB
:1093800018D5226802F1140353E8003F23F040038C
:10939000143242E800310029F3D1E06B50B1744B34
:1093A0004363FCF707FB40B1E06B436B02B0BDE8E1
:1093B000704018472046F9F7ADFF02B070BDF9F7CD
:1093C000A9FF6564F9E7206B012840F09480D50679
:1093D00040F19180C80640F18E80002201921A6807
:1093E00001925A680192019A5A6952064DD5E16B71
:1093F0000A68526892B2002ADFD0A08D9042DCD970
:10940000E2858A69202A36D003F10C0252E8002F47
:1094100022F4807203F10C0040E800210029F3D10E
:1094200003F1140252E8002F22F0010203F11400AC
:1094300040E800210029F3D103F1140252E8002F83
:1094400022F0400203F1140040E800210029F3D18A
:10945000202284F84220216303F10C0252E8002FFD
:1094600022F0100203F10C0040E800210029F3D1A2
:10947000E06BFCF77FFA02236363E38DA18DC91AC9
:1094800089B22046FFF7D1FE97E7E28DE18D92B2D7
:1094900089B2002991D0A18D891A89B200298CD076
:1094A00003F10C0252E8002F22F4907203F10C0534
:1094B00045E800200028F3D103F1140252E8002F00
:1094C00022F0010203F1140545E800200028F3D141
:1094D000202284F84220206303F10C0252E8002F7E
:1094E00022F0100203F10C0545E800200028F3D11A
:1094F00002236363C5E7160628D50D0626D594F822
:109500004120212A7FF459AFA168226AB1F5805F1A
:1095100017D12169A9B932F8021BC1F308015960BA
:109520002262E28C013A92B2E284002A7FF445AFD3
:10953000DA6822F08002DA60DA6842F04002DA602B
:109540003BE7511C216212785A60EAE750067FF52A
:1095500034AF4A067FF531AFDA68204622F0400288
:10956000DA60202384F84130FFF756FE25E700BF7C
:109570001B9200080023C28543642223828502696E
:1095800080F84230816203681AB1DA6842F480726E
:10959000DA605A69002042F001025A61DA6842F04A
:1095A0002002DA60704770B590F84260202E07D133
:1095B00041B13AB100240463FFF7DCFF204670BDDF
:1095C0000220FCE70120FAE784B004A800E90E00BD
:1095D000002004B0704703464FF43F420020A3F838
:1095E0004400A3F840207047B0F8403023F47C5387
:1095F0005B045B0CA0F840300020704700207047EF
:109600001FB5044604A800E90E0000200123A4F8B9
:109610004030A4F84000A4F84400A4F8500004B07E
:1096200010BD0000F0B50A78CD7830F8224003462E
:1096300024F4EC4424F070042404240C032D03D8F7
:10964000DFE805F041494745012048F280073C43E7
:1096500023F8224033F822409F4EA4B234401443F2
:109660003C4323F822400C7B03EB021C002C40F00F
:109670008C80CC884F78640864007FB3B3F85010B6
:1096800089B26144A1F8004433F822104C0609D590
:1096900033F8221089B2314041F4004141F0C00159
:1096A00023F8221033F822108C4C89B2012D01EAE4
:1096B000040101D081F0200141F4004141F080011A
:1096C00023F822104DE0284644F40074BDE744F42A
:1096D000C0640020B9E744F48064FAE7B3F850505E
:1096E000ADB26544A5F80844B3F85040A4B2644450
:1096F000B4F80C54C5F30905A4F80C540D693E2DBB
:1097000030D9E906B4F80C144FEA551608BF06F133
:10971000FF3689B241EA86216FEA41416FEA514141
:1097200089B2A4F80C1433F822104F040DD533F885
:10973000221021F4E04121F070010904090C41F4E8
:10974000404141F0800123F82210654CB2B91A88DB
:1097500092B2224082F4405242F4004242F080022F
:109760001A80F0BDB4F80C14002DD5D005F0010618
:1097700089B206EB550541EA8521D1E733F822107D
:1097800089B2214081F4005196E7022D33F822403E
:109790005BD1A4B2344044F4014444F0800423F883
:1097A0002240B3F850400E89A4B276086444760093
:1097B000A4F800644E89B3F850407608A4B264441B
:1097C0007600A4F808644978002948D133F82210BB
:1097D0004E040DD533F8221021F4E04121F0700140
:1097E0000904090C41F4404141F0800123F82210A2
:1097F00033F822104D060DD533F8221021F4E04144
:1098000021F070010904090C41F4004141F0C0014C
:1098100023F8221048F2800433F8221021F480410A
:1098200021F070010904090C81F44051214323F80F
:10983000221033F8221021F4E04121F04001090404
:10984000090C0C4323F822408BE724F4E24424F073
:1098500070042404240C274323F82270A1E733F872
:1098600022104C040DD533F8221021F4E04121F0F0
:1098700070010904090C41F4404141F0800123F8D2
:10988000221033F8221049060DD533F8221021F4A6
:10989000E04121F070010904090C41F4004141F05C
:1098A000C00123F8221033F822100C4C89B2214059
:1098B000012D18BF81F0200141F4004141F08001E9
:1098C00023F8221033F8221021F4804121F0700196
:1098D0000904090CF0E600BF8F8FFFFFBF8FFFFF69
:1098E0008FBFFFFF4A780B78097BD9BB0AB330F8EA
:1098F000232051060DD530F8232022F4E04222F037
:1099000070021204120C42F4004242F0C00220F82D
:10991000232030F8232022F4E04222F040021204F7
:10992000120C42F4004242F0800220F82320002072
:10993000704730F8232052040DD530F8232022F44C
:10994000E04222F070021204120C42F4404242F053
:10995000800220F8232030F8232022F4804222F0D5
:109960007002DCE7002A4AD130F8232051040DD5DB
:1099700030F8232022F4E04222F070021204120C8C
:1099800042F4404242F0800220F8232030F82320A5
:1099900052060DD530F8232022F4E04222F0700266
:1099A0001204120C42F4004242F0C00220F82320BC
:1099B00048F2800130F8232022F4E04222F07002C5
:1099C0001204120C42F4004242F0C00220F823209C
:1099D00030F8232022F4804222F070021204120C8C
:1099E0000A4320F8232030F8232022F4E04222F01A
:1099F00040021204120C114320F8231097E730F8AC
:109A0000232051040DD530F8232022F4E04222F027
:109A100070021204120C42F4404242F0800220F81C
:109A2000232030F8232052060DD530F8232022F4CD
:109A3000E04222F070021204120C42F4004242F0A2
:109A4000C00220F8232048F2800130F8232022F4BD
:109A5000E04222F070021204120C42F4404242F042
:109A6000800220F8232030F8232022F4E04222F064
:109A700040021204120C0A4320F8232030F823205D
:109A800022F4804222F07002B3E74B780A788BB15F
:109A900030F8223023F4E04323F040031B041B0C76
:109AA00083F0100343F4004343F0800320F8223096
:109AB0000020704730F8223023F4804323F07003F5
:109AC0001B041B0C83F48053ECE70B7B3BBB4B78F4
:109AD0000A7833B330F822305B060DD530F82230E7
:109AE00023F4E04323F070031B041B0C43F40043F6
:109AF00043F0C00320F82230CB78012B0FD030F890
:109B0000223023F4E04323F040031B041B0C83F0BA
:109B1000200343F4004343F0800320F82230002068
:109B2000704730F822305B040DD530F8223023F432
:109B3000E04323F070031B041B0C43F4404343F049
:109B4000800320F8223030F8223023F4804323F0C1
:109B500070031B041B0C83F44053DAE711B9802314
:109B6000A0F84C300020704700207047002070475C
:109B7000B0F8440080B270470020704700EB42000C
:109B8000013300F580605B0800EB8303834200D162
:109B9000704731F8022B20F8042BF7E72DE9F04746
:109BA0004B780446012B0D460A7B40F01581D1F815
:109BB00010908F6949694F4528BF4F460ABBBFB215
:109BC000EA883B46FFF7DAFFB4F85000297880B204
:109BD00004F20442090102448F522A7834F82230F8
:109BE00023F4E04323F040031B041B0C83F03003F9
:109BF000002043F4004343F0800324F82230BDE802
:109C0000F087EB7895F800E0022B2E6A4FEA0E1CE5
:109C100040F0CD80B14530F82E2080F0B18022F4A4
:109C2000E04222F070021204120C42F4014242F0AF
:109C3000800220F82E2030F82E80B0F850E0F61B7D
:109C400018F040082E6201EB070ABBB21FFA8EFE25
:109C50004DD000F20C42724422F80C306A89FFF7B2
:109C60008DFFB14536BFF31B00233E466A782B6259
:109C7000C5F814A0B3B272BBB4F85020287892B2E1
:109C800004F2044100011144425A3E2EC2F309027B
:109C9000425215D9F206425A4FEA561708BF07F149
:109CA000FF3792B242EA87226FEA42426FEA52429B
:109CB00092B242522A8951462046FFF75FFF8CE755
:109CC000425A002EF0D006F0010792B207EB56067A
:109CD00042EA8622ECE7012AECD1B4F85000297858
:109CE00080B204F20442090102448B52E2E700F21E
:109CF0000442724422F80C302A89FFF73FFFB14535
:109D000036BFF31B43463E466A782B62C5F814A063
:109D1000B3B24ABBB4F85020287892B204F20C4196
:109D200000011144425A3E2EC2F30902425210D998
:109D3000425A7709F60608BF07F1FF3792B242EAA6
:109D400087226FEA42426FEA524292B242526A89D5
:109D5000B1E7425A002EF4D006F0010792B207EBA9
:109D6000560642EA8622F0E7012AF0D1B4F8500004
:109D7000297880B204F20C42090102448B52E6E7D2
:109D800022F4E24222F070021204120C42F4004269
:109D900042F0800220F82E20B0F8503000F2044249
:109DA0009BB21A44B3B222F80C302A8985E730F806
:109DB0002E20F61B2E62B0F850605206BBB2B6B22F
:109DC00006D500F20C42324422F80C306A8974E75E
:109DD00000F204423244E6E7002A3BD18B6909696C
:109DE000B0F850008B4284BF5A1A0B462978AA61FA
:109DF00080B204F20C4209010244885A3E2BC0F39F
:109E0000090088521AD95809DB068B5A08BF00F19D
:109E1000FF309BB243EA80236FEA43436FEA534328
:109E20009BB28B522A7834F8223023F4804323F0FB
:109E300070031B041B0C83F44053D9E60BB98B5AF7
:109E4000EAE7885A03F0010680B206EB530340EAC2
:109E50008323E5E7CA78022A70D1002B38D1B0F805
:109E600050200B7892B200F204401B011044C25AF9
:109E7000C2F30902C2520A693E2A44D9C15A56099C
:109E8000D70608BF06F1FF3689B241EA86216FEA9C
:109E900041416FEA514189B2C152B4F8500004F215
:109EA0000C4180B20144C85A3E2AC0F30900C8528E
:109EB00034D95009D606CA5A08BF00F1FF3092B211
:109EC00042EA80226FEA42426FEA524292B2CA529A
:109ED000EB69002BA6D02A7834F82210480401F050
:109EE000400327D5002B9DD034F8223023F4E043E3
:109EF00023F070031B041B0C43F4004343F0C00326
:109F000024F822308EE7C15A002AC0D002F00106A0
:109F100089B206EB520641EA8621BCE70AB9CA5A61
:109F2000D0E7C85A02F0010680B206EB520240EABE
:109F30008222CBE7002B7FF475AFD5E7012A5CD1F5
:109F40008A6909698A4294BF0020501AA86188BFB3
:109F50000A46002B7FF466AFB4F850102B7889B214
:109F600004F204401B010844C15A3E2AC1F309010E
:109F7000C1522BD9D106C15A4FEA521608BF06F179
:109F8000FF3689B241EA86216FEA41416FEA5141C9
:109F900089B2C152B4F8500004F20C4180B20144BD
:109FA000C85A3E2AC0F30900C8521AD95009D2062D
:109FB000CA5A08BF00F1FF3092B242EA80226FEA2B
:109FC00042426FEA524292B2CA522BE7C15A002A69
:109FD000DAD002F0010689B206EB520641EA862188
:109FE000D6E70AB9CA5AEAE7C85A02F0010680B2AF
:109FF00006EB520240EA8222E5E70120FFE500EB92
:10A000004200F0B500F580605D0807460C462E461C
:10A01000023436B9DB0744BF30F8253001F815307B
:10A02000F0BD37F8042B013E92B204F8022C120A5C
:10A0300004F8012CECE7D0F8BC3210B56BB1D0F8C5
:10A04000B84294F80002FF2807D09B68214694F894
:10A0500001229847FF2384F80032002010BD000041
:10A060004323038000487047D4000020432303802B
:10A0700000487047180100204323038000487047C0
:10A08000900000200A2303800048704794010020BC
:10A0900038B50446D0F8B85200F0EAFED4F8B83229
:10A0A000C5F80C024BB1D4F8BC32D5F80402DB6819
:10A0B00005F503719847002038BD0220FCE7F8B58C
:10A0C000D0F8B862CEB1142404FB0104E36983B173
:10A0D0002827D0F8C02207FB0122126AB3FBF2F551
:10A0E00002FB15332BB91A46E36100F0AFFE0020E6
:10A0F000F8BD0023C6F81432F9E70220F8E7002380
:10A10000F7B50F788DF80530ADF8063017F060031D
:10A1100004460D46D0F8B86222D0202B3AD1CA8826
:10A120004B78BAB139060BD5D0F8BC1218468F68F7
:10A130003146B84731462046EA8800F04DFC06E03B
:10A14000314686F8003286F8012200F05AFC0020E1
:10A1500003B0F0BDD0F8BC0284681846A047F6E70B
:10A160004B780A2B0AD00B2B10D09BB990F89C325D
:10A17000032B0FD102220DF10601DEE790F89C328D
:10A18000032B07D101220DF10501D6E790F89C328F
:10A19000032BDCD02046294600F0F7FB0220D7E74E
:10A1A00038B504460025812100F01BFE0121204620
:10A1B000E56200F016FE82212046C4F86C5100F0E2
:10A1C00010FED4F8B83225644BB1D4F8BC325B68C9
:10A1D0009847D4F8B80200F053FEC4F8B8520020F3
:10A1E00038BD70B5037C0446A3BB4FF400738121D6
:10A1F000022200F0EAFD01214FF40073E162012523
:10A200000222204600F0E1FD08230322822120469D
:10A21000C4F86C5100F0D9FD4FF40770256400F0CC
:10A220002BFE0646C4F8B802F8B1D4F8BC321B685D
:10A2300098470023C6F81432C6F81832237CD6F8A3
:10A24000042283B94FF400732946204600F007FE2C
:10A25000002070BD40238121022200F0B6FD0121C3
:10A260004023E162CBE74023EEE72846F1E719B14E
:10A27000C0F8BC120020704702207047D0F8B832F6
:10A280000020C3F80812C3F810227047D0F8B83283
:10A290000020C3F804127047D0F8B82210B582B17C
:10A2A000D2F81442012374B9C2F81432D2F8103231
:10A2B00081210363D2F808229BB200F0C7FD20463B
:10A2C00010BD0220FCE71846FAE7D0F8B82208B51E
:10A2D00062B1037CD2F8042233B94FF40073012138
:10A2E00000F0BDFD002008BD4023F8E70220FAE79A
:10A2F00008B580B1D0F8B43213B10023C0F8B4323D
:10A3000009B1C0F8B0120123027080F89C3200F04D
:10A3100013FD002008BD0220FCE719B1C0F8B412FB
:10A32000002070470220704708B500F045FD00206E
:10A3300008BD08B5D0F8B43233B11B68984700386F
:10A3400018BF0120400008BD0220FCE708B5D0F886
:10A35000B4325B689847002008BD38B500F52A750F
:10A360000446284600F006FB012394F8A812C4F81E
:10A370009432B4F8AE32C4F8983201F01F03012BC6
:10A3800008D0022B0BD07BB92946204600F0FAF802
:10A39000002038BD2946204600F03CFAF8E729465F
:10A3A000204600F05BFAF3E7204601F0800100F060
:10A3B00021FDEDE770B50446164639BBD0F894226E
:10A3C000032A1CD1D0E958539D420BD9ED1AAB4258
:10A3D00028BF2B463146C0F860519AB200F01EFBF0
:10A3E000002070BDD0F8B4321B6923B190F89C22D4
:10A3F000032A00D19847204600F018FBF0E7052A11
:10A40000EED1C4F8941200F0F5FCE9E7D0F8B432CC
:10A410009B692BB190F89C22032A01D19847DFE772
:10A420000220DEE7F8B5044613460F46002949D15D
:10A43000D0F89422022A3AD1D0E90856B54211D96F
:10A44000AD1B19460562AAB200F0D3FA3B461A4684
:10A450001946204600F003FD94F8A032012B2DD0C0
:10A460000020F8BDC369B3FBF6F506FB153565B9E9
:10A470009E420AD8D0F89822934206D22A4600F08B
:10A48000B8FA2B46C4F89852E1E7D4F8B432DB6846
:10A490002BB194F89C22032A01D1204698478021B1
:10A4A000204600F0A7FC204600F0CBFAD4E732F0BB
:10A4B0000403D1D1802100F09DFCCDE7002384F876
:10A4C000A032CDE7D0F8B4325B692BB190F89C2272
:10A4D000032A01D19847C3E70220C2E7002270B5E2
:10A4E0000446012540261146402300F06EFC334609
:10A4F000802100222046C4F85851C4F8646100F05D
:10A5000064FC0021D4F8B832A561666284F89C52DC
:10A51000C4F894126160C4F8A41223B1D4F8B43220
:10A5200020465B689847002070BD0174002070478A
:10A5300090F89C3280F89D32042380F89C320020F1
:10A54000704790F89C32042B04BF90F89D3280F83D
:10A550009C320020704708B590F89C22032A04D151
:10A56000D0F8B432DB6903B19847002008BD10B5BC
:10A570000446802100F03EFC2046BDE8104000214A
:10A5800000F038BC37B50B78044603F06003202B8D
:10A590000D4606D0402B04D063B12046FFF7E7FFFD
:10A5A00005E0D4F8B432294620469B68984700203D
:10A5B00003B030BD4B78092BEFD801A252F823F03D
:10A5C000C3A70008F9A700089BA50008EBA700088F
:10A5D0009BA50008E9A60008E9A500089BA50008BE
:10A5E00093A700082BA700080023ADF806304B887E
:10A5F0001A0A013A062AD0D801A151F822F000BF68
:10A600001DA6000841A600085BA600089BA500083F
:10A610009BA500089FA60008B5A60008D0F8B03298
:10A620001B68207C0DF106019847BDF80620002A22
:10A6300055D0EB88002B49D1204600F0F7F9B6E75A
:10A64000027CD0F8B43232B99B6A0DF1060098470B
:10A6500002234370E9E7DB6AF7E7DBB2052B9CD8FE
:10A66000DFE803F003090D111519D0F8B0325B686B
:10A67000002BD6D191E7D0F8B0329B68F8E7D0F83C
:10A68000B032DB68F4E7D0F8B0321B69F0E7D0F8FD
:10A69000B0325B69ECE7D0F8B0329B69E8E7037C45
:10A6A000002B7FF47AAFD0F8B4320DF106005B6B6B
:10A6B0009847BAE7037C002B7FF46FAFD0F8B43231
:10A6C0000DF106001B6B98470723C2E79A4228BF8B
:10A6D0001A4601462046ADF8062000F07DF9EB88C9
:10A6E000002B7FF464AFA7E78B88002B7FF455AF76
:10A6F000CB88002B7FF451AF4D887F2D3FF64DAFB7
:10A7000090F89C32032B3FF448AFEDB2294680F815
:10A710009E5200F092FB204600F088F91DB1022302
:10A7200084F89C3243E70123FAE78978384D012900
:10A7300029703FF632AF90F89C32022B08D0032BE1
:10A7400015D0FFF714FF20462978FFF7FFFD2EE70D
:10A7500000293FF471AF01210323416080F89C324E
:10A760002046FFF7E6FD02287FF466AF15E731B912
:10A770000223416080F89C32FFF7E8FD5CE7416806
:10A7800001293FF459AFC9B2FFF7E0FD29786160B4
:10A79000E6E7CA88012A7FF400AF90F89C32022BCA
:10A7A0000AD8002B3FF4F9AE0146002341F8083FD8
:10A7B000204600F011F9FAE6032B7FF4EEAE011DFE
:10A7C000F6E790F89C32013B022B3FF6E6AECA88D2
:10A7D000022A7FF4E2AED0F8A4320146002B0CBF6F
:10A7E0000123032341F80C3FE2E74B88012B7FF460
:10A7F000DEAEC4F8A4321FE790F89C32013B022B76
:10A800003FF6CBAE4B88012B7FF4D1AE0023F0E7AF
:10A81000BC19002038B50B78044603F060025B06D3
:10A820000D4601D5402A15D194F89C32013B022BEC
:10A8300010D82B79012B0DD8D4F8B43229469B6857
:10A8400020469847EB881BB910B9204600F0EEF877
:10A85000002038BD2046FFF78AFEF9E738B50A78B0
:10A86000044602F06002202A0B4606D0402A04D09B
:10A870005AB12046FFF77BFE05E0D4F8B422194612
:10A88000204692689047002038BD5A788D88012A6A
:10A89000097935D0032A21D0002AEAD190F89C32D8
:10A8A000022B44D0032BE4D1142201F00F0315F046
:10A8B000800F02FB03034BD09B69002BD9D01425DA
:10A8C00001F07F0303FB0555802905444BD020464A
:10A8D00000F0A2FA00284BD0012345E090F89C221A
:10A8E000022A1BD0032AC4D15A882AB94A0603D0A7
:10A8F000DB880BB900F07EFA204600F097F8C2E73B
:10A9000090F89C22022A09D0032AB2D15B88002B3E
:10A91000B9D14D06F0D000F076FAEDE74B06A8D09D
:10A9200000F068FA8021204600F064FAABE74A069E
:10A930009FD12B064FF000034FF002024CBF00F1F5
:10A94000140100F5AA710B60204600F045F89AE763
:10A95000D3F85831002B8CD0142505FB010505F5E3
:10A96000AA750029B3D100232B6002222946EBE708
:10A970002860FAE70B7803704B7843704B8843806C
:10A980008B888380CB88C380704710B504468021B4
:10A9900000F030FA2046BDE81040002100F02ABA4D
:10A9A00070B50D461646044670B1F5F7D1FBC3B23B
:10A9B00001335B0033802B70032300206B70022374
:10A9C000013C14F8011F01B970BD5A1CE954D2B200
:10A9D0000233DBB2A854F4E71346022210B5C0E9F3
:10A9E0000733C0F894220A46002100F02FFA002015
:10A9F00010BD08B513460A46002100F027FA0020D2
:10AA000008BD1346032210B5C0E95733C0F894229D
:10AA10000A46002100F023FA002010BD08B51346B5
:10AA20000A46002100F01BFA002008BD08B50423E7
:10AA3000C0F8943200231A46194600F007FA0020A5
:10AA400008BD08B50523C0F8943200231A461946FC
:10AA500000F005FA002008BD08B500220E490F4895
:10AA6000FFF746FC08B1F9F7DBFC0D490B48FFF78F
:10AA700054FC08B1F9F7D4FC0A490848FFF7F7FB82
:10AA800008B1F9F7CDFC0548FFF74EFC18B1BDE859
:10AA90000840F9F7C5BC08BDEC010020C019002032
:10AAA0005C010020A001002000207047202803D076
:10AAB00021280BD0002070470A680D4B1A600A79D4
:10AAC0001A714A795A718A799A71F3E7084B1A68B0
:10AAD0000A701A68120A4A705A888A70DA78CA703C
:10AAE0001A790A715A794A719B798B71E2E700BF32
:10AAF000B0010020074B10B51B6804460BB1096874
:10AB0000984721460448FFF7C1FB0348FFF7DDFBE8
:10AB1000002010BD841C0020C019002008B50022B0
:10AB200004490548FFF7AAFB04490348FFF7AEFBB9
:10AB3000002008BD881C0020C019002088200020AB
:10AB400010B5094C0A46D4F8B832D3F8143243B9D8
:10AB500001462046FFF792FB2046BDE81040FFF774
:10AB60009BBB012010BD00BFC0190020014B186025
:10AB7000704700BF841C0020122301480B807047DF
:10AB8000D8010020042301480B807047D401002025
:10AB9000002370B51E464D1C040FB0F1204F34BF8A
:10ABA0003034373401F8134005F813600133DCB258
:10ABB000A2424FEA0010EFD870BD00001A2310B572
:10ABC0000B800A4BD3F8E807D3F8F02780180AD097
:10ABD000D3F8EC4706490822FFF7DAFF04222046A3
:10ABE0001031FFF7D5FF034810BD00BF00F0FF1F75
:10ABF000BA010020B801002008B50A4602480349FE
:10AC0000FFF7CEFE014808BD22BE000888240020C0
:10AC100008B50A4602480349FFF7C2FE014808BDCD
:10AC200035BE00088824002008B50A4602480349BA
:10AC3000FFF7B6FE014808BD4BBE0008882400207F
:10AC400008B50A4602480349FFF7AAFE014808BDB5
:10AC500056BE00088824002018B102280CBF01202D
:10AC60000220704707B5124B02689A421DD103F5C6
:10AC7000DA33DA69132042F40002DA610022DB6978
:10AC8000114603F400030193019BFAF779FD1320A9
:10AC9000FAF7A6FD002214201146FAF771FD1420E0
:10ACA00003B05DF804EBFAF79BBD03B000BD00BF35
:10ACB000005C004000F52671D0F8D402FFF74DBBD0
:10ACC000282303FB0103D0F8D402D3F86421FFF753
:10ACD00071BB282303FB0103D0F8D4025A6AFFF7A3
:10ACE000A1BBD0F8D402FFF736BC10B58379044677
:10ACF000022B01D0F9F794FBD4F8D4020121FFF71D
:10AD000014FCD4F8D402BDE81040FFF7E7BB000004
:10AD100010B50446D0F8D402FFF70AFCA37A23B199
:10AD2000024A136943F00603136110BD00ED00E011
:10AD3000D0F8D402FFF705BC10B51D4B04461D48E2
:10AD4000036008230371022383710023C0F8D442F7
:10AD5000C4F8C00243810373FCF741FC08B1F9F762
:10AD60005FFB002218231146D4F8C002FDF797FAC2
:10AD7000582300228021D4F8C002FDF790FAC023A6
:10AD800000228121D4F8C002FDF789FA4FF48873BC
:10AD900000220121D4F8C002FDF781FA4FF480733C
:10ADA00000228221D4F8C002FDF779FA002010BDFC
:10ADB000005C0040A828002008B5D0F8C002FCF7CD
:10ADC00071FCBDE80840FFF747BF10B51446D0F846
:10ADD000C0021A462346FDF76BF9BDE81040FFF7A5
:10ADE0003BBF08B5D0F8C002FDF792F9BDE80840B6
:10ADF000FFF732BF08B5D0F8C002FDF7E8F9BDE8AB
:10AE00000840FFF729BF08B5D0F8C002FDF715FAD2
:10AE1000BDE80840FFF720BF282211F0800FD0F8CE
:10AE2000C0321BBF01F07F0102FB013302FB013383
:10AE3000987C08BF93F85201704708B5D0F8C0025B
:10AE4000FCF749FCBDE80840FFF706BF08B5D0F89D
:10AE5000C002FDF7A4F9BDE80840FFF7FDBE08B544
:10AE6000D0F8C002FDF77CF9BDE80840FFF7F4BE5A
:10AE7000D0F8C002FDF78BB9004870478826002043
:10AE800070477047931E222B10B50C4604D900233F
:10AE90001C460B70204610BD0A2A09D1002807DA8B
:10AEA0002D230B7001214042214400F005F8F1E709
:10AEB0000021F9E7FFF7E6BFF0B58BB005460B467A
:10AEC0006E461D4C04F1200C37462068616808343A
:10AED00003C764453E46F7D1217920683971911E38
:10AEE000222938604FF0000104D919700B4618462A
:10AEF0000BB0F0BD581E8446B5FBF2F702FB1756A7
:10AF000028366E4416F8286C0C460CF8016F2E4655
:10AF1000B2423D4601F10101EED900225A541919FD
:10AF2000A51AAA42E3DA10F8015F0E780132067022
:10AF300001F80159F4E700BF64BE00080CB430B555
:10AF4000184B0C1E1D689DB008DA8B234FF0FF30A4
:10AF50002B601DB0BDE8304002B070474FF4027363
:10AF6000ADF814304FF000031B930CBF234604F1DF
:10AF7000FF33049307934FF6FF7302900690ADF8EA
:10AF80001630284621AB209A02A9019300F0D6F989
:10AF9000431CBCBF8B232B60002CDAD00022029B09
:10AFA0001A70D6E70802002003460244934200D1FB
:10AFB000704703F8011BF9E7034610B5013932B1B8
:10AFC00011F8014F013A03F8014B002CF7D1002191
:10AFD0001A44934200D110BD03F8011BF9E70A7827
:10AFE00070B56AB970BD9A4209D10C46054614F88D
:10AFF000013F002BF6D015F8016F9E42F7D00130CB
:10B000000378002BEFD11846ECE70000014B1868DD
:10B01000704700BF0802002070B500260C4D0D4B94
:10B020005B1B9C10A64209D1002600F085FC0A4D4E
:10B030000A4B5B1B9C10A64205D170BD55F8043B22
:10B0400098470136EEE755F8043B98470136F2E79A
:10B0500088D6000888D6000888D600088CD6000854
:10B0600070477047034611F8012B03F8012B002AA3
:10B07000F9D170470A44914200F1FF3300D1704783
:10B0800010B511F8014B914203F8014FF9D110BDF1
:10B0900038B50546002940D051F8043C0C1F002B60
:10B0A000B8BFE41800F0DEF81C4A136833B96360D7
:10B0B00014602846BDE8384000F0DAB8A34208D949
:10B0C000206821188B4201BF19685B68091821604C
:10B0D000EDE71A465B680BB1A342FAD91168501824
:10B0E000A0420BD120680144501883421160E0D186
:10B0F00018685B68084410605360DAE702D90C23D3
:10B100002B60D6E7206821188B4201BF19685B6865
:10B110000918216063605460CBE738BDC42C00205F
:10B1200070B50F4E0C463168054611B900F0B0FB02
:10B1300030602146284600F0ABFB431C03D14FF0A2
:10B14000FF34204670BDC41C24F00304A042F8D094
:10B15000211A284600F09CFB0130F2D1EFE700BF36
:10B16000C02C00202DE9F843CD1C25F0030508353F
:10B170000C2D38BF0C25002D064601DBA94204D951
:10B180000C2333600020BDE8F883DFF8D48000F0A2
:10B1900069F8D8F800301C4644BB29463046FFF712
:10B1A000BFFF431C044658D1D8F800402746002F63
:10B1B00043D1002C4BD023683946304604EB0309B9
:10B1C00000F066FB814542D1216830466D1A294660
:10B1D000FFF7A6FF01303AD023682B442360D8F84C
:10B1E00000305A6862BBC8F800700FE02268521B3A
:10B1F00020D40B2A17D96119A342256018BF5960C2
:10B20000636808BFC8F8001062514B60304600F018
:10B210002FF804F10B00231D20F00700C21A1CBFF9
:10B220001B1AA350AFE76268A3420CBFC8F8002006
:10B230005A60EBE723466468AEE73C467F68B6E7B2
:10B240001A465B68A342FBD100235360DEE70C2360
:10B250003046336000F00CF894E70560D6E700BF95
:10B26000C42C00200148FFF7FBBE00BFBC2C00200F
:10B270000148FFF7F6BE00BFBC2C00202DE9F047C7
:10B280001F468E688246BE420C469046334653D8CF
:10B29000B1F90C0010F4906F2BD06569236809692F
:10B2A00005EB4505A3EB010905EBD5757B1C6D107E
:10B2B0004B44AB422A4684BF1D462A46430527D548
:10B2C00011465046FFF74EFF064658B34A462169DD
:10B2D000FFF7D0FEA38923F4906343F08003A3819A
:10B2E00026614E4426603B463E466561A5EB090556
:10B2F000A5601F463A464146206800F0AFFA00209C
:10B30000A3689B1BA36023683B442360BDE8F087D0
:10B31000504600F0DBFA06460028E1D1504621698C
:10B32000FFF7B6FE0C23CAF80030A3894FF0FF30B8
:10B3300043F04003A381E9E73E46DBE72DE9F04710
:10B340001F468B8906461B060D4614469CB010D539
:10B350000B6973B94021FFF705FF2860286130B9F8
:10B360000C2333604FF0FF301CB0BDE8F087402362
:10B370006B610023099320238DF8293030234FF08F
:10B3800001080397644F8DF82A302346994613F835
:10B39000012B0AB1252AF9D1B9EB040A0BD0534687
:10B3A000224629463046FFF769FF013000F0A480AD
:10B3B000099A5244099299F80030002B00F09C80C1
:10B3C00000234FF0FF32CDE9052309F10109049371
:10B3D00007938DF853301A934C46052214F8011B3D
:10B3E0004D4800F065FA049BD0B9D80644BF20222E
:10B3F0008DF85320190744BF2B228DF8532099F85C
:10B4000000202A2A13D04C4600204FF00A0C079A3D
:10B41000214611F8013B303B092B49D968B913E0AB
:10B42000C01B08FA00F01843A1460490D4E7039A21
:10B43000111D12680391002A01DB079204E05242B9
:10B4400043F002030792049323782E2B0AD16378EA
:10B450002A2B32D1039B02341A1D1B68039243EA44
:10B46000E3730593DFF8B49003224846217800F097
:10B470001FFA38B14022049BA0EB0900824013431D
:10B480000134049314F8011B062225488DF8281076
:10B4900000F00EFA002835D0224818BB039B073372
:10B4A00023F0070308330393099B034409936CE7D4
:10B4B0000C4601200CFB0232AAE700234FF00A0CD5
:10B4C000194601340593204610F8012B303A092A19
:10B4D00003D9002BC6D00591C4E7044601230CFB19
:10B4E0000121F0E703AB00932A4630460E4B04A936
:10B4F000AFF30080421CD7D1AB895B063FF532AF7A
:10B50000099831E703AB00932A463046064B04A95D
:10B5100000F07EF8EEE700BF89BE00088FBE00088D
:10B5200093BE0008000000007DB200082DE9F0473E
:10B53000164698468A680B6907469342B8BF134679
:10B54000336091F843200C46DDF820900AB10133B6
:10B5500033602368990642BF33680233336025683D
:10B5600015F0060506D104F1190AE36832689B1A42
:10B57000AB422BDC94F843302268003B18BF012318
:10B58000920630D44146384604F14302C8470130A0
:10B5900023D02368226903F00603042B14BF00257F
:10B5A00033684FF0000608BFE56804F11A0408BFCD
:10B5B000ED1A54F8123C08BF25EAE5759342C4BF62
:10B5C0009B1AED18B5421AD1002008E0012352461B
:10B5D00041463846C847013003D14FF0FF30BDE83F
:10B5E000F0870135C1E73020E11881F843005A1C8B
:10B5F00094F845102244023382F84310C2E7012335
:10B60000224641463846C8470130E6D00136D9E7E0
:10B610002DE9F0430D7E85B0782D904607460C4607
:10B6200099460C9E01F1430207D8622D0AD8002DDD
:10B6300000F0D780582D00F0BC8004F1420684F859
:10B6400042503BE0A5F16303152BF6D801A151F858
:10B6500023F000BFADB60008C1B600083BB6000835
:10B660003BB600083BB600083BB60008C1B6000870
:10B670003BB600083BB600083BB600083BB60008E6
:10B68000C9B70008EBB600087BB700083BB6000856
:10B690003BB60008EBB700083BB60008EBB6000865
:10B6A0003BB600083BB6000883B7000833681A1D94
:10B6B0001B68326004F1420684F842300123A1E0A5
:10B6C00033682068191D3160060601D51D6803E046
:10B6D0004506FBD5B3F90050002D03DA2D236D424A
:10B6E00084F843300A235B4811E021683368080678
:10B6F00053F8045B02D4490648BFADB23360237EE1
:10B7000054486F2B5CD10823002184F843106668ED
:10B71000002EA66005DB21682E4321F00401216084
:10B7200050D01646B5FBF3F103FB115C10F80CC0CA
:10B7300006F801CDAC4663450D46F3D9082B0BD175
:10B740002368DB0708D5236961689942DEBF30238F
:10B7500006F8013C06F1FF36921B22614346214662
:10B760003846CDF8009003AAFFF7E0FE01304ED135
:10B770004FF0FF3005B0BDE8F083236843F02003AD
:10B7800023607825344884F845502368316813F0E5
:10B79000800F51F8045B03D113F0400F18BFADB216
:10B7A0003160D90744BF43F0200323601DB110234B
:10B7B000AAE72848E7E7236823F020032360F6E799
:10B7C0000A23A1E71646B9E733682568181D6169A1
:10B7D00030602E061B6801D5196002E06806FBD5B3
:10B7E0001980002316462361B8E7336800211A1D2B
:10B7F00032601E686268304600F05AF808B1801B5B
:10B80000606063682361002384F84330A6E7324612
:10B81000414638462369C8470130A9D023689B07B1
:10B8200013D4E068039B9842B8BF1846A2E70123EF
:10B83000324641463846C847013099D00135E36861
:10B8400003995B1AAB42F2DCEBE7002504F1190621
:10B85000F5E700BF9ABE0008ABBE0008884210B5ED
:10B8600001EB020402D98442234607D8431EA142B9
:10B8700007D011F8012B03F8012FF8E702448242A8
:10B8800000D110BD13F8011D02F8011DF7E70000FB
:10B8900038B50023054D044608462B60F9F72CFB0C
:10B8A000431C02D12B6803B1236038BDB82C0020A3
:10B8B000034610B5C9B202449342184601D1002094
:10B8C00003E0047801338C42F6D110BD2DE9F0413C
:10B8D000074614460D4621B91146BDE8F041FFF771
:10B8E00041BC2AB9FFF7D4FB25462846BDE8F081C4
:10B8F00000F01AF88442064602D8B4EB500FF4D890
:10B9000021463846FFF72EFC804608B94546ECE74D
:10B91000B4422246294628BF3246FFF7ABFB2946F0
:10B920003846FFF7B5FBF1E751F8043C181F002B30
:10B93000BCBF0B58C0187047F8B500BFF8BC08BCB6
:10B940009E467047F8B500BFF8BC08BC9E467047DD
:10B95000554450000D3E002B2644424753454E446B
:10B96000494E47204441544120002B26444247532E
:10B97000454E44494E472044415441204255535975
:10B980000A002B26444247524553504F4E53452000
:10B9900043494653520A002B264442474552524FD0
:10B9A0005220434946535220350A002B2644424731
:10B9B000524553504F4E5345204950440A002B26C0
:10B9C0004442474553503031484152445245534513
:10B9D00054300A002B2644424745535030314841E9
:10B9E00052445245534554310A002B2644424745A0
:10B9F0005350303141540A002B264442474553509E
:10BA00003031415443574D4F44450A0041542B4374
:10BA1000574155544F434F4E4E3D300D0A0041544F
:10BA20002B4349504D55583D310D0A0041542B438D
:10BA300049504D55583D300D0A002B26444247458C
:10BA40005350303141544349504D55580A002B262C
:10BA50004442474553503031415443575341500AB3
:10BA6000002B2644424745535030314154435744FC
:10BA70004843500A002B2644424745535030314139
:10BA8000544349505345525645520A002B264442CE
:10BA9000474553503031415443574A41500A002BD7
:10BAA00026444247455350303143494653520A00D9
:10BAB0002B2644424745535030314154434950436B
:10BAC0004C4F53450A002B264442474553503031D2
:10BAD000415443495053544152540A004143430096
:10BAE0004759520025640056454C3A00256C6420A5
:10BAF0006D6D2F730041434C3A00256C64206D6DD1
:10BB00002F733200414E473A00256C642E253032A7
:10BB10006C640042414C3A0042414C414E43494E14
:10BB20004700434149444F00485454502F312E3070
:10BB300020323030204F4B0D0A436F6E74656E74A7
:10BB40002D547970653A20746578742F68746D6C23
:10BB50000D0A436F6E6E656374696F6E3A20636C95
:10BB60006F73650D0A0D0A0025732573003C21448F
:10BB70004F43545950452068746D6C3E3C68746D59
:10BB80006C3E3C626F64793E3C666F726D2061630F
:10BB900074696F6E3D2F736574206D6574686F6492
:10BBA0003D4745543E535349443A3C696E70757461
:10BBB000206E616D653D737369643E3C62723E50F8
:10BBC0004153533A3C696E707574206E616D653DEA
:10BBD0007061737320747970653D70617373776FF2
:10BBE00072643E3C62723E49502050433A3C696E5A
:10BBF000707574206E616D653D69702076616C753D
:10BC0000653D3139322E3136382E302E313E3C6290
:10BC1000723E50756572746F3A3C696E707574202F
:10BC20006E616D653D706F72742076616C75653DF7
:10BC300033303031303E3C62723E3C696E70757418
:10BC400020747970653D7375626D69742076616CDE
:10BC500075653D436F6E65637461723E3C2F666F20
:10BC6000726D3E3C2F626F64793E3C2F68746D6C40
:10BC70003E003C21444F43545950452068746D6C3C
:10BC80003E3C68746D6C3E3C626F64793E3C683249
:10BC90003E436F6E656374616E646F2E2E2E3C2F73
:10BCA00068323E3C703E456C20646973706F736906
:10BCB0007469766F20736520636F6E65637461725B
:10BCC000612061206C612072656420696E64696323
:10BCD0006164612E3C2F703E3C2F626F64793E3C64
:10BCE0002F68746D6C3E00737369643D00706173FE
:10BCF000733D002669703D0026706F72743D0047E9
:10BD00004554202F7365743F00474554202F003E53
:10BD10003E3E4D4F444F20313C3C3C0042414C4163
:10BD20004E43454F003E3E3E4D4F444F20323C3C3B
:10BD30003C0053454755494D49454E544F204C49C9
:10BD40004E4541003E3E3E4D4F444F20333C3C3C2F
:10BD5000004553515549564152006663616C2D753B
:10BD60006E65722B32303139004643414C2D50659F
:10BD700072736F6E616C003137322E32322E323375
:10BD8000372E32323700415250414E45540031393E
:10BD900036392D41706F6C6F5F31312D3230323258
:10BDA000003139322E3136382E302E3130004643B4
:10BDB000414C006663616C636F6E636F72646961AE
:10BDC0002E30362D32303139003137322E32332E8B
:10BDD0003139302E38390053413034003132333468
:10BDE000353637380031302E39332E39322E323154
:10BDF0003300496E7465726E6574506C75735F388C
:10BE000037326631305F45585400776C616E373891
:10BE100064306566003139322E3136382E312E3598
:10BE2000320053544D6963726F656C656374726F51
:10BE30006E6963730053544D3332205669727475C2
:10BE4000616C20436F6D506F727400434443204314
:10BE50006F6E6669670043444320496E746572667D
:10BE600061636500303132333435363738396162D9
:10BE7000636465666768696A6B6C6D6E6F7071721A
:10BE8000737475767778797A00232D302B200068CB
:10BE90006C4C0065666745464700303132333435B7
:10BEA0003637383941424344454600303132333425
:10BEB000353637383961626364656600FDBF000856
:10BEC000F5BF0008ECBF0008E0BF0008CEBF0008C7
:10BED000B9BF0008A3BF00088BBF000878BF0008E7
:10BEE0006ABF00085CBF00084FBF00083EBF0008E3
:10BEF00033BF00082ABF00081EBF000813BF000898
:10BF000008BF0008000000003036303262757379D7
:10BF1000207300303630326275737920700030370C
:10BF2000303272656164790D0A00303431302B494A
:10BF30005044003036303262757379202E00313231
:10BF400030352B43494653523A53544149500030FF
:10BF5000383032434C4F5345440D0A0030393032AB
:10BF6000434F4E4E4543540D0A003039303253454D
:10BF70004E44204F4B0D0A00313430324449534374
:10BF80004F4E4E45435445440D0A00313930325727
:10BF900049464920444953434F4E4E454354454436
:10BFA0000D0A00313730325749464920444953433E
:10BFB0004F4E4E4543540D0A0031363032574946F4
:10BFC0004920434F4E4E45435445440D0A003133FA
:10BFD00030325749464920474F542049500D0A00F6
:10BFE000303730324552524F520D0A003034303221
:10BFF0004F4B0D0A003033303241542B0030333078
:10C000003241540D0041542B43495053455256453B
:10C01000523D312C38300D0A0041542B43574448CF
:10C0200043505F4355523D322C310D0A0041542B91
:10C0300043575341505F4355523D0041542B4349B0
:10C040005053454E443D0041542B434950434C4FBF
:10C0500053450D0A0041542B434950535441525407
:10C060003D0041542B43494653520D0A0041542B85
:10C0700043574A41503D0041542B43574D4F44458F
:10C080003D330D0A0041540D0A0000000B12000060
:10C09000A4C0000800000000070A000000CE00084D
:10C0A0000000000000000000000000000000000090
:10C0B0000000000000000000000000000000000080
:10C0C00000000000000000000000000C000C000C4C
:10C0D000000C000C000C000C000C000C000C000C00
:10C0E0000000000C000C0000000000000000001B1D
:10C0F000001B001B001B001B0000000000000000D4
:10C10000000000000000000000000000000000002F
:10C1100000008019801980198019C07FC07F8019A4
:10C120000033C07FC07F0033003300330033000092
:10C13000000000000000001E003F80758065007454
:10C14000003C001E00078005806580658075003F0B
:10C15000001E0004000400000000007000D840D859
:10C16000C0D880D900730006000C801BC036C066A2
:10C17000C046C00680030000000000000000001E52
:10C18000003F003300330033001E000CC03CC0668B
:10C19000806380618063C03E801C0000000000005E
:10C1A0000000000C000C000C000C000C0000000053
:10C1B000000000000000000000000000000000007F
:10C1C00000000000800000010003000600060004DB
:10C1D000000C000C000C000C000C000C000400060D
:10C1E0000006000300018000002000100018000C71
:10C1F000000C00040006000600060006000600060B
:10C200000004000C000C0018001000200000000CBE
:10C21000002D003F001E0033000000000000000061
:10C22000000000000000000000000000000000000E
:10C23000000000000000000C000C000C000CC0FF0F
:10C24000C0FF000C000C000C000C000000000000FF
:10C2500000000000000000000000000000000000DE
:10C260000000000000000000000000000000000CC2
:10C27000000C0004000400080000000000000000A2
:10C2800000000000000000000000001E001E000072
:10C29000000000000000000000000000000000009E
:10C2A000000000000000000000000000000000008E
:10C2B000000000000000000C000C00000000000066
:10C2C000000000030003000300060006000600064D
:10C2D000000C000C000C000C0018001800180000E6
:10C2E000000000000000001E003F003380618061FC
:10C2F0008061806D806D8061806180610033003F6E
:10C30000001E00000000000000000006000E001EDD
:10C31000003600260006000600060006000600069D
:10C320000006000600060000000000000000001EDD
:10C33000003F807380618061800100030006000C73
:10C34000001800300060807F807F00000000000047
:10C350000000001C003E006300630003000E000E9E
:10C3600000038001800180618073003F001E000097
:10C370000000000000000006000E000E001E001E5F
:10C380000016003600360066807F807F00060006BB
:10C3900000060000000000000000007F007F006039
:10C3A00000600060006E007F80638001800180611A
:10C3B0008073003F001E0000000000000000001E0F
:10C3C000003F803380610060006E007F8073806179
:10C3D000806180618033003F001E0000000000008B
:10C3E0000000807F807F80010003000300060006BC
:10C3F000000C000C000C00080018001800180000C9
:10C40000000000000000001E003F8063806180612A
:10C410000021001E003F8061806180618061003FDB
:10C42000001E0000000000000000001E003F00731E
:10C430008061806180618073803F801D80018061A8
:10C440000073003F001E000000000000000000001C
:10C45000000000000000000C000C000000000000C4
:10C46000000000000000000C000C000000000000B4
:10C47000000000000000000000000000000C000CA4
:10C4800000000000000000000000000C000C000490
:10C49000000400080000000000000000800080038D
:10C4A000000E003800600038000E8003800000009D
:10C4B000000000000000000000000000000000007C
:10C4C0000000807F807F00000000807F807F000070
:10C4D000000000000000000000000000000000005C
:10C4E0000000000000400070001C000780010007F1
:10C4F000001C007000400000000000000000000070
:10C500000000001F803FC071C060C000C0018003F8
:10C510000007000E000C000C0000000C000C0000D6
:10C52000000000000000001E003F80318071806329
:10C53000806F806D806D806F806700600032003E8C
:10C54000001C0000000000000000000E000E001B98
:10C55000001B001B001B80318031803F803F8031F9
:10C56000C060C060C0600000000000000000007CEF
:10C57000007E0063006300630063007E007E006352
:10C58000806180618063007F007E00000000000009
:10C590000000001E003F803180610060006000608C
:10C5A00000600060006080618031003F001E00007C
:10C5B000000000000000007C007F00638063806159
:10C5C0008061806180618061806100630063007EC2
:10C5D000007C0000000000000000807F807F006081
:10C5E000006000600060007F007F0060006000600D
:10C5F0000060807F807F0000000000000000807FDE
:10C60000807F0060006000600060007F007F00604D
:10C61000006000600060006000600000000000003A
:10C620000000001E003F80318061006000600060FB
:10C6300080638063806180618031803F001E0000E4
:10C640000000000000008061806180618061806185
:10C650008061807F807F8061806180618061806196
:10C6600080610000000000000000003F003F000C5F
:10C67000000C000C000C000C000C000C000C000C5A
:10C68000000C003F003F000000000000000080019F
:10C690008001800180018001800180018001800192
:10C6A000806180618073003F001E00000000000078
:10C6B0000000C0608061006300660066006C007866
:10C6C000007C00660066006380618061C0600000DD
:10C6D000000000000000006000600060006000607A
:10C6E0000060006000600060006000600060807FAB
:10C6F000807F0000000000000000C071C071C07B9E
:10C70000C07AC06AC06AC06EC064C060C060C060E9
:10C71000C060C060C06000000000000000008071C8
:10C720008071807980798079806D806D806D806581
:10C73000806780678067806380630000000000007E
:10C740000000001E003F00338061806180618061D5
:10C7500080618061806180610033003F001E0000C5
:10C76000000000000000007E007F80638061806127
:10C7700080618063007F007E006000600060006078
:10C7800000600000000000000000001E003F0033B9
:10C790008061806180618061806180618065806787
:10C7A0000033803F401E0000000000000000007EBB
:10C7B000007F8063806180618063007F007E00660F
:10C7C0000063006380618061C060000000000000C1
:10C7D0000000000E001F8031803100300038001E44
:10C7E00000078003806180618031003F001E0000EF
:10C7F000000000000000C0FFC0FF000C000C000C97
:10C80000000C000C000C000C000C000C000C000CC8
:10C81000000C000000000000000080618061806169
:10C820008061806180618061806180618061806100
:10C830008073003F001E0000000000000000C06088
:10C84000C060C060803180318031001B001B001B44
:10C85000001B000E000E000E00040000000000008F
:10C860000000C0C0C0C0C0C0C0C0C0C0C0CC804CF0
:10C87000804C805E805280528073806180610000B5
:10C88000000000000000C0C0806080610033003BF9
:10C89000001E000C000C001E001F003B8071806118
:10C8A000C0C00000000000000000C0C080618061C6
:10C8B00000330033001E001E000C000C000C000CA6
:10C8C000000C000C000C0000000000000000803F85
:10C8D000803F8001000300030006000C000C0018DC
:10C8E000001800300060807F807F000000000000A2
:10C8F000000F000F000C000C000C000C000C000CD2
:10C90000000C000C000C000C000C000C000C000CC7
:10C91000000F000F0000001800180018000C000C99
:10C92000000C000C000600060006000600030003D1
:10C930000003000000000000001E001E00060006AC
:10C9400000060006000600060006000600060006B7
:10C950000006000600060006001E001E0000000C77
:10C96000000C001E00120033003380618061000063
:10C9700000000000000000000000000000000000B7
:10C9800000000000000000000000000000000000A7
:10C990000000000000000000000000000000000097
:10C9A000E0FF0000000000380018000C000000004C
:10C9B0000000000000000000000000000000000077
:10C9C0000000000000000000000000000000000067
:10C9D0000000001F803F80618001801F803F8061D8
:10C9E0008063807FC038000000000000000000600D
:10C9F000006000600060006E007F80738061806175
:10CA0000806180618073007F006E00000000000084
:10CA100000000000000000000000001E003F8073C6
:10CA200080610060006080618073003F001E000034
:10CA30000000000000008001800180018001801D55
:10CA4000803F807380618061806180618073803FFE
:10CA5000801D000000000000000000000000000039
:10CA60000000001E003F00738061807F807F0060B7
:10CA70008071003F001E0000000000000000C007A1
:10CA8000C00F000C000C807F807F000C000C000C9D
:10CA9000000C000C000C000C000C0000000000005A
:10CAA0000000000000000000801D803F8073806156
:10CAB0008061806180618073803F801D8001806320
:10CAC000007F003E00000060006000600060006FBA
:10CAD000807F807180618061806180618061806120
:10CAE0008061000000000000000000060006000059
:10CAF0000000003E003E000600060006000600069C
:10CB00000006000600060000000000000006000607
:10CB100000000000003E003E000600060006000681
:10CB2000000600060006000600060046007E003CE7
:10CB300000000060006000600060806100630066CB
:10CB4000006C007C0076006300638061C0600000C0
:10CB5000000000000000003E003E00060006000647
:10CB60000006000600060006000600060006000695
:10CB700000060000000000000000000000000000AF
:10CB8000000080DDC0FFC0CEC0CCC0CCC0CCC0CCCB
:10CB9000C0CCC0CCC0CC00000000000000000000F1
:10CBA000000000000000006F807F80718061806164
:10CBB0008061806180618061806100000000000010
:10CBC00000000000000000000000001E003F807315
:10CBD00080618061806180618073003F001E000081
:10CBE000000000000000000000000000006E007F58
:10CBF000807380618061806180618073007F006EDE
:10CC000000600060006000600000000000000000A4
:10CC1000801D803F8073806180618061806180734E
:10CC2000803F801D800180018001800100000000A4
:10CC30000000000000000067803F00390030003035
:10CC400000300030003000300030000000000000F4
:10CC500000000000000000000000001E803F806116
:10CC60000060007F803F80018061007F001E000027
:10CC70000000000000000000000800180018007FFD
:10CC8000007F001800180018001800180018801FF6
:10CC9000800F000000000000000000000000000005
:10CCA000000080618061806180618061806180615D
:10CCB0008063807F803D00000000000000000000D5
:10CCC000000000000000C060803180318031001B16
:10CCD000001B001B000E000E0006000000000000FC
:10CCE0000000000000000000000080DD80DD80DD2D
:10CCF0000055005500550077007700220022000003
:10CD00000000000000000000000000000000806142
:10CD100000330033001E000C000C001E00330033F3
:10CD20008061000000000000000000000000000022
:10CD300080618061803100330033001B001B001BC9
:10CD4000000E000E000E001C007C007000000000B1
:10CD5000000000000000C07FC07F800100030006CB
:10CD6000000C00180030C07FC07F000000000000F1
:10CD70008003800700060006000600060006000E7D
:10CD8000001C001C000E000600060006000600063F
:10CD90008007800300060006000600060006000665
:10CDA0000006000600060006000600060006000653
:10CDB00000060006000600060038003C000C000CCF
:10CDC000000C000C000C000E00070007000E000C09
:10CDD000000C000C000C000C003C003800000000AF
:10CDE000000000000000000000008038807F004745
:10CDF0000000000000000000000000000000000033
:10CE00000000000000000000000000000000000022
:10CE100000000000001000100010001000100010B2
:10CE2000000000100000000000280028002800007A
:10CE300000000000000000000000000000240024AA
:10CE4000007C00240048007C0048004800000000EE
:10CE500000380054005000380014005400540038CA
:10CE6000001000000020005400580030002800543A
:10CE70000014000800000000001000280028001026
:10CE8000003400480048003400000000001000108A
:10CE90000010000000000000000000000000000082
:10CEA00000080010002000200020002000200020AA
:10CEB000001000080020001000080008000800080A
:10CEC00000080008001000200010003800100028A2
:10CED0000000000000000000000000000000000052
:10CEE00000100010007C0010001000000000000086
:10CEF0000000000000000000000000000000001022
:10CF000000100010000000000000000000000038C9
:10CF10000000000000000000000000000000000011
:10CF200000000000000000100000000000080008E1
:10CF30000010001000100010002000200000000071
:10CF400000380044004400540044004400440038C9
:10CF50000000000000100030005000100010001011
:10CF600000100010000000000038004400440004DD
:10CF7000000800100020007C000000000038004481
:10CF80000004001800040004004400380000000001
:10CF900000080018002800280048007C000800084D
:10CFA00000000000007C0040004000780004000405
:10CFB00000440038000000000038004400400078C1
:10CFC000004400440044003800000000007C0004DD
:10CFD00000080010001000200020002000000000C9
:10CFE0000038004400440038004400440044003845
:10CFF000000000000038004400440044003C0004ED
:10D000000044003800000000000000000010000094
:10D010000000000000000010000000000000000000
:10D0200000000010000000000000001000100010C0
:10D0300000000000000C003000400030000C000038
:10D0400000000000000000000000007C0000007CE8
:10D050000000000000000000000000000060001858
:10D0600000040018006000000000000000380044C8
:10D070000004000800100010000000100000000074
:10D0800000380044004C0054005C00400040003870
:10D090000000000000100028002800280028007C64
:10D0A0000044004400000000007800440044007880
:10D0B00000440044004400780000000000380044B0
:10D0C00000400040004000400044003800000000E4
:10D0D00000700048004400440044004400480070D0
:10D0E00000000000007C00400040007C0040004048
:10D0F0000040007C00000000007C00400040007800
:10D1000000400040004000400000000000380044A3
:10D1100000400040005C0044004400380000000073
:10D12000004400440044007C0044004400440044A7
:10D130000000000000380010001000100010001067
:10D140000010003800000000000400040004000487
:10D1500000040004004400380000000000440048BF
:10D1600000500060005000480048004400000000EB
:10D170000040004000400040004000400040007C73
:10D18000000000000044006C006C005400440044A7
:10D1900000440044000000000044006400640054A7
:10D1A0000054004C004C00440000000000380044D3
:10D1B00000440044004400440044003800000000E3
:10D1C00000780044004400440078004000400040E3
:10D1D00000000000003800440044004400440044C3
:10D1E000005400380004000000780044004400446B
:10D1F0000078004800480044000000000038004467
:10D200000040003000080004004400380000000026
:10D21000007C001000100010001000100010001022
:10D220000000000000440044004400440044004466
:10D23000004400380000000000440044004400287E
:10D2400000280028001000100000000000440044E6
:10D25000005400540054006C002800280000000016
:10D260000044002800280010001000280028004476
:10D2700000000000004400440028002800100010B6
:10D280000010001000000000007C000400080010E6
:10D29000001000200040007C00000000001800107A
:10D2A00000100010001000100010001000100018F6
:10D2B00000200020001000100010001000080008DE
:10D2C00000000000003000100010001000100010DE
:10D2D000001000100010003000100028002800444A
:10D2E000000000000000000000000000000000003E
:10D2F000000000000000000000000000000000FE30
:10D3000000200010000000000000000000000000ED
:10D31000000000000000000000380044003C004411
:10D32000004C003400000000004000400058006441
:10D3300000440044006400580000000000000000A9
:10D340000038004400400040004400380000000065
:10D35000000400040034004C00440044004C00343D
:10D36000000000000000000000380044007C004085
:10D370000044003800000000000C0010007C001089
:10D38000001000100010001000000000000000005D
:10D390000034004C00440044004C00340004007889
:10D3A0000040004000580064004400440044004431
:10D3B00000000000001000000070001000100010BD
:10D3C00000100010000000000010000000700010AD
:10D3D0000010001000100010001000E0004000409D
:10D3E0000048005000600050004800440000000069
:10D3F000007000100010001000100010001000104D
:10D4000000000000000000000078005400540054A8
:10D4100000540054000000000000000000580064A8
:10D4200000440044004400440000000000000000EC
:10D43000003800440044004400440038000000006C
:10D4400000000000005800640044004400640058DC
:10D4500000400040000000000034004C0044004444
:10D46000004C003400040004000000000058006478
:10D4700000400040004000400000000000000000AC
:10D48000003800440030000800440038000000006C
:10D49000002000200078002000200020002000183C
:10D4A000000000000000000000440044004400446C
:10D4B000004C003400000000000000000044004464
:10D4C00000280028002800100000000000000000D4
:10D4D000005400540054006C002800280000000094
:10D4E0000000000000440028001000100028004444
:10D4F0000000000000000000004400440028002854
:10D50000001000100010006000000000007C000807
:10D51000001000200040007C0000000000180010F7
:10D520000010001000200020001000100010001853
:10D53000001000100010001000100010001000106B
:10D54000001000100030001000100010000800084B
:10D5500000100010001000300000000000000074F7
:10D56000004C00000000000000000000000043002C
:10D570008500C8000B014D019001D301150258022E
:10D580009B02DD0220036303A503E8036D00EA00AC
:10D590007F01FC01B9020104A3045B05D006BA08AF
:10D5A000EB09C40ADF0C3E0DE90DF20E6600ED003A
:10D5B00077010602C1024404E704D2058B07C509BE
:10D5C000310B440CF20E0D0F290F340F95002A0178
:10D5D000CB016E026403ED04DD05B806C6083A0B04
:10D5E000BD0CAB0D070F230F2D0F410F4E00A700F1
:10D5F0003B0180010802D202270387031F042F0585
:10D60000D4055D06A5088A09670B620E69BD00088E
:10D610005ABD000877BD000886BD00088EBD000811
:10D62000A1BD0008AEBD0008B3BD0008C9BD00081B
:10D63000D7BD0008DCBD0008E5BD0008F2BD00084C
:10D640000ABE000815BE0008455831303039323363
:10D650007630310A000000000001020304000000DF
:10D66000000000000001020304060708090102028D
:10D67000030405060708090A0B0C0D0E0F10100015
:08D68000D02AFF7F0100000029
:04D688003501000860
:04D68C001101000880
:10D69000330035000055445000FF01554E455203FC
:10D6A0003AA00D98C4090A00E80390012003E8039A
:10D6B000E8036400F40101000F002C010F002C01AD
:10D6C0000A00C0F918FCFFFF2003700301042003C7
:10D6D0000F2702005500000014000000B80B3A7537
:10D6E0003139322E3136382E302E313000000000E4
:10D6F00005002C01900114020A0000000100000046
:10D7000005000000150000001F000000FF030000DE
:10D710000101000000127A0001000000100000006A
:10D7200009074300020104C032090400000102029B
:10D730000100052400100105240100010424020257
:10D7400005240600010705820308001009040100F2
:10D75000020A0000000705010240000007058102DF
:10D760004000000009024300020100C03209040029
:10D77000000102020100052400100105240100013E
:10D780000424020205240600010705820308001094
:10D7900009040100020A0000000705010240000020
:10D7A000070581024000000009024300020100C099
:10D7B00032090400000102020100052400100105E5
:10D7C0002401000104240202052406000107058249
:10D7D0000308001009040100020A00000007050107
:10D7E000020002000705810200020000E3A1000818
:10D7F000A1A10008FFA000080000000037A0000859
:10D80000BFA0000891A00008000000000000000078
:10D81000000000006DA0000861A0000879A00008C9
:10D8200085A000080A060002000000400100000078
:10D830001DAB0008A9AA0008ADAA0008F5AA0008B7
:10D8400000C20100000008001A03000000000000F0
:10D8500000000000000000000000000000000000C8
:10D86000000000000403090412010002020200404B
:10D8700083044057000201020301000079AB000855
:10D8800085AB0008F9AB000811AC0008BDAB00087F
:10D8900029AC000841AC00080C0200200000000088
:10D8A000802B0020E82B0020502C002000000000DE
:10D8B0000000000000000000000000000000000068
:10D8C0000000000000000000000000000000000058
:10D8D0000000000000000000000000000000000048
:08D8E000000000000000000040
:040000050800512975
:00000001FF
